[
{
  "model": "admin.logentry",
  "pk": 1,
  "fields": {
    "action_time": "2023-10-24T16:24:14.789Z",
    "user": 2,
    "content_type": 18,
    "object_id": "f34a57f2-9b47-4005-92ca-0620105d16d4",
    "object_repr": "buns",
    "action_flag": 1,
    "change_message": "[{\"added\": {}}]"
  }
},
{
  "model": "admin.logentry",
  "pk": 2,
  "fields": {
    "action_time": "2023-10-24T16:55:25.290Z",
    "user": 2,
    "content_type": 18,
    "object_id": "153b7220-0c41-4dd7-a25d-47645f75d6c1",
    "object_repr": "toppings",
    "action_flag": 1,
    "change_message": "[{\"added\": {}}]"
  }
},
{
  "model": "admin.logentry",
  "pk": 3,
  "fields": {
    "action_time": "2023-10-26T06:52:39.168Z",
    "user": 2,
    "content_type": 18,
    "object_id": "1d6e37f7-cad4-48c4-8cfc-12e39c7d525f",
    "object_repr": "cheese",
    "action_flag": 3,
    "change_message": ""
  }
},
{
  "model": "admin.logentry",
  "pk": 4,
  "fields": {
    "action_time": "2023-10-26T06:57:04.919Z",
    "user": 2,
    "content_type": 18,
    "object_id": "f0fad16c-57fa-4194-be77-170a0843b7da",
    "object_repr": "cheese",
    "action_flag": 3,
    "change_message": ""
  }
},
{
  "model": "admin.logentry",
  "pk": 5,
  "fields": {
    "action_time": "2023-10-29T18:19:01.320Z",
    "user": 2,
    "content_type": 17,
    "object_id": "96e9e545-b8b1-4971-a533-7fef01f9696d",
    "object_repr": "Goda Cheese",
    "action_flag": 1,
    "change_message": "[{\"added\": {}}]"
  }
},
{
  "model": "admin.logentry",
  "pk": 6,
  "fields": {
    "action_time": "2023-11-04T08:23:22.765Z",
    "user": 2,
    "content_type": 17,
    "object_id": "a52a3233-f70a-4d98-87c8-ea5889a9e214",
    "object_repr": "bugget",
    "action_flag": 1,
    "change_message": "[{\"added\": {}}]"
  }
},
{
  "model": "admin.logentry",
  "pk": 7,
  "fields": {
    "action_time": "2023-11-04T10:23:07.297Z",
    "user": 2,
    "content_type": 18,
    "object_id": "672be906-f840-4a0f-b9ef-49deb9dc54d0",
    "object_repr": "cheeses",
    "action_flag": 2,
    "change_message": "[]"
  }
},
{
  "model": "admin.logentry",
  "pk": 8,
  "fields": {
    "action_time": "2023-11-04T10:23:11.536Z",
    "user": 2,
    "content_type": 18,
    "object_id": "f34a57f2-9b47-4005-92ca-0620105d16d4",
    "object_repr": "buns",
    "action_flag": 2,
    "change_message": "[]"
  }
},
{
  "model": "admin.logentry",
  "pk": 9,
  "fields": {
    "action_time": "2023-11-04T10:27:32.783Z",
    "user": 2,
    "content_type": 17,
    "object_id": "96e9e545-b8b1-4971-a533-7fef01f9696d",
    "object_repr": "Goda Cheese",
    "action_flag": 2,
    "change_message": "[]"
  }
},
{
  "model": "admin.logentry",
  "pk": 10,
  "fields": {
    "action_time": "2023-11-04T10:27:36.466Z",
    "user": 2,
    "content_type": 17,
    "object_id": "a52a3233-f70a-4d98-87c8-ea5889a9e214",
    "object_repr": "bugget",
    "action_flag": 2,
    "change_message": "[]"
  }
},
{
  "model": "admin.logentry",
  "pk": 11,
  "fields": {
    "action_time": "2023-11-04T10:30:52.082Z",
    "user": 2,
    "content_type": 17,
    "object_id": "96e9e545-b8b1-4971-a533-7fef01f9696d",
    "object_repr": "Goda Cheese",
    "action_flag": 3,
    "change_message": ""
  }
},
{
  "model": "admin.logentry",
  "pk": 12,
  "fields": {
    "action_time": "2023-11-04T10:30:52.100Z",
    "user": 2,
    "content_type": 17,
    "object_id": "a52a3233-f70a-4d98-87c8-ea5889a9e214",
    "object_repr": "bugget",
    "action_flag": 3,
    "change_message": ""
  }
},
{
  "model": "admin.logentry",
  "pk": 13,
  "fields": {
    "action_time": "2023-11-04T10:36:15.894Z",
    "user": 2,
    "content_type": 17,
    "object_id": "73314bae-3876-4bd3-a59a-e1fe0c9c30e7",
    "object_repr": "bugget",
    "action_flag": 1,
    "change_message": "[{\"added\": {}}]"
  }
},
{
  "model": "admin.logentry",
  "pk": 14,
  "fields": {
    "action_time": "2023-11-04T10:36:27.778Z",
    "user": 2,
    "content_type": 17,
    "object_id": "73314bae-3876-4bd3-a59a-e1fe0c9c30e7",
    "object_repr": "bugget",
    "action_flag": 2,
    "change_message": "[{\"changed\": {\"fields\": [\"Unit\"]}}]"
  }
},
{
  "model": "admin.logentry",
  "pk": 15,
  "fields": {
    "action_time": "2023-11-04T10:37:36.152Z",
    "user": 2,
    "content_type": 17,
    "object_id": "2c441f4c-378a-42c2-a396-7bdb08073939",
    "object_repr": "goda cheese",
    "action_flag": 1,
    "change_message": "[{\"added\": {}}]"
  }
},
{
  "model": "admin.logentry",
  "pk": 16,
  "fields": {
    "action_time": "2023-11-04T10:38:47.518Z",
    "user": 2,
    "content_type": 17,
    "object_id": "3e3cb8da-5d54-49c2-840b-c39cdaa83f4c",
    "object_repr": "pesto cheese",
    "action_flag": 1,
    "change_message": "[{\"added\": {}}]"
  }
},
{
  "model": "admin.logentry",
  "pk": 17,
  "fields": {
    "action_time": "2023-11-08T05:04:12.158Z",
    "user": 2,
    "content_type": 18,
    "object_id": "97a7b54a-005f-4453-ae5d-df51d7d7f981",
    "object_repr": "meats",
    "action_flag": 1,
    "change_message": "[{\"added\": {}}]"
  }
},
{
  "model": "admin.logentry",
  "pk": 18,
  "fields": {
    "action_time": "2023-11-08T05:04:26.031Z",
    "user": 2,
    "content_type": 17,
    "object_id": "2040e0de-99af-4590-aca4-0f864367a2b6",
    "object_repr": "string",
    "action_flag": 3,
    "change_message": ""
  }
},
{
  "model": "admin.logentry",
  "pk": 19,
  "fields": {
    "action_time": "2023-11-08T05:04:26.048Z",
    "user": 2,
    "content_type": 17,
    "object_id": "1a3abd23-38c8-46a1-8326-ef51ab3fac0e",
    "object_repr": "string",
    "action_flag": 3,
    "change_message": ""
  }
},
{
  "model": "admin.logentry",
  "pk": 20,
  "fields": {
    "action_time": "2023-11-08T05:06:10.315Z",
    "user": 2,
    "content_type": 17,
    "object_id": "501425fb-8eca-4572-87f5-b924d58d78a9",
    "object_repr": "ground beef burger",
    "action_flag": 1,
    "change_message": "[{\"added\": {}}]"
  }
},
{
  "model": "admin.logentry",
  "pk": 21,
  "fields": {
    "action_time": "2023-11-08T05:06:32.321Z",
    "user": 2,
    "content_type": 18,
    "object_id": "97a7b54a-005f-4453-ae5d-df51d7d7f981",
    "object_repr": "burger meats",
    "action_flag": 2,
    "change_message": "[{\"changed\": {\"fields\": [\"Image url\", \"Image alt text\", \"Name\"]}}]"
  }
},
{
  "model": "admin.logentry",
  "pk": 22,
  "fields": {
    "action_time": "2023-11-08T05:15:42.693Z",
    "user": 2,
    "content_type": 18,
    "object_id": "672be906-f840-4a0f-b9ef-49deb9dc54d0",
    "object_repr": "cheeses",
    "action_flag": 2,
    "change_message": "[{\"changed\": {\"fields\": [\"Is active\"]}}]"
  }
},
{
  "model": "admin.logentry",
  "pk": 23,
  "fields": {
    "action_time": "2023-11-08T05:17:48.161Z",
    "user": 2,
    "content_type": 20,
    "object_id": "1f01bef3-0041-41da-af27-2eb1a14db1bf",
    "object_repr": "burger",
    "action_flag": 3,
    "change_message": ""
  }
},
{
  "model": "admin.logentry",
  "pk": 24,
  "fields": {
    "action_time": "2023-11-08T05:17:48.186Z",
    "user": 2,
    "content_type": 20,
    "object_id": "cf815c6d-6d8b-4929-94d0-62ab53eeb6c8",
    "object_repr": "burger",
    "action_flag": 3,
    "change_message": ""
  }
},
{
  "model": "admin.logentry",
  "pk": 25,
  "fields": {
    "action_time": "2023-11-08T05:23:38.110Z",
    "user": 2,
    "content_type": 20,
    "object_id": "25281f8f-02e4-4eec-8b79-e1a101396404",
    "object_repr": "burger",
    "action_flag": 3,
    "change_message": ""
  }
},
{
  "model": "admin.logentry",
  "pk": 26,
  "fields": {
    "action_time": "2023-11-08T05:23:38.126Z",
    "user": 2,
    "content_type": 20,
    "object_id": "d6f9110d-1bbb-474b-ae6d-5ef741d60f91",
    "object_repr": "burger",
    "action_flag": 3,
    "change_message": ""
  }
},
{
  "model": "admin.logentry",
  "pk": 27,
  "fields": {
    "action_time": "2023-11-08T05:23:38.131Z",
    "user": 2,
    "content_type": 20,
    "object_id": "3beac1f9-9842-4fdd-ba10-6d7c719c20d6",
    "object_repr": "burger",
    "action_flag": 3,
    "change_message": ""
  }
},
{
  "model": "admin.logentry",
  "pk": 28,
  "fields": {
    "action_time": "2023-11-08T05:23:38.135Z",
    "user": 2,
    "content_type": 20,
    "object_id": "a4a81e4d-0ccd-4722-95f8-e084a84dfc4d",
    "object_repr": "burger",
    "action_flag": 3,
    "change_message": ""
  }
},
{
  "model": "admin.logentry",
  "pk": 29,
  "fields": {
    "action_time": "2023-11-08T05:23:38.140Z",
    "user": 2,
    "content_type": 20,
    "object_id": "77f57009-e571-4114-a6dc-e0ddf95a1dd0",
    "object_repr": "burger",
    "action_flag": 3,
    "change_message": ""
  }
},
{
  "model": "admin.logentry",
  "pk": 30,
  "fields": {
    "action_time": "2023-11-08T05:23:38.145Z",
    "user": 2,
    "content_type": 20,
    "object_id": "09f1ff7a-c15e-4aee-a64d-a74e8df3f8b2",
    "object_repr": "burger",
    "action_flag": 3,
    "change_message": ""
  }
},
{
  "model": "admin.logentry",
  "pk": 31,
  "fields": {
    "action_time": "2023-11-08T05:23:38.150Z",
    "user": 2,
    "content_type": 20,
    "object_id": "0b1d6604-2270-47da-964e-f9a384dfa5bd",
    "object_repr": "burger",
    "action_flag": 3,
    "change_message": ""
  }
},
{
  "model": "admin.logentry",
  "pk": 32,
  "fields": {
    "action_time": "2023-11-08T05:23:38.154Z",
    "user": 2,
    "content_type": 20,
    "object_id": "9f49a871-3b9b-49b1-98c2-b017002d199b",
    "object_repr": "burger",
    "action_flag": 3,
    "change_message": ""
  }
},
{
  "model": "admin.logentry",
  "pk": 33,
  "fields": {
    "action_time": "2023-11-08T05:23:38.158Z",
    "user": 2,
    "content_type": 20,
    "object_id": "dcaea8b4-d225-4709-805e-e50f3006c5ec",
    "object_repr": "burger",
    "action_flag": 3,
    "change_message": ""
  }
},
{
  "model": "admin.logentry",
  "pk": 34,
  "fields": {
    "action_time": "2023-11-08T05:23:38.163Z",
    "user": 2,
    "content_type": 20,
    "object_id": "7aaa0005-40f5-4a51-ae97-2a83c53aaa62",
    "object_repr": "burger",
    "action_flag": 3,
    "change_message": ""
  }
},
{
  "model": "admin.logentry",
  "pk": 35,
  "fields": {
    "action_time": "2023-11-08T05:23:38.168Z",
    "user": 2,
    "content_type": 20,
    "object_id": "2148a7d8-1561-4dfb-8c78-abfb5db49926",
    "object_repr": "burger",
    "action_flag": 3,
    "change_message": ""
  }
},
{
  "model": "admin.logentry",
  "pk": 36,
  "fields": {
    "action_time": "2023-11-08T05:23:38.172Z",
    "user": 2,
    "content_type": 20,
    "object_id": "50772acf-a082-4ca9-9576-7700e7a1df71",
    "object_repr": "burger",
    "action_flag": 3,
    "change_message": ""
  }
},
{
  "model": "admin.logentry",
  "pk": 37,
  "fields": {
    "action_time": "2023-11-08T05:26:01.343Z",
    "user": 2,
    "content_type": 20,
    "object_id": "fbb6f363-6cf0-42a7-8fb4-6b33d1395925",
    "object_repr": "burger",
    "action_flag": 3,
    "change_message": ""
  }
},
{
  "model": "admin.logentry",
  "pk": 38,
  "fields": {
    "action_time": "2023-11-12T06:58:32.251Z",
    "user": 2,
    "content_type": 20,
    "object_id": "75105e71-864b-483d-8052-5ffa1a07439c",
    "object_repr": "burger",
    "action_flag": 3,
    "change_message": ""
  }
},
{
  "model": "admin.logentry",
  "pk": 39,
  "fields": {
    "action_time": "2023-11-12T06:58:32.269Z",
    "user": 2,
    "content_type": 20,
    "object_id": "02cf7d6a-a862-4e20-9628-c4e98b7aa5e0",
    "object_repr": "burger",
    "action_flag": 3,
    "change_message": ""
  }
},
{
  "model": "admin.logentry",
  "pk": 40,
  "fields": {
    "action_time": "2023-11-23T14:28:34.853Z",
    "user": 2,
    "content_type": 20,
    "object_id": "d70f76c7-83e1-4f6e-8ff8-55d5371ed85f",
    "object_repr": "burger",
    "action_flag": 3,
    "change_message": ""
  }
},
{
  "model": "admin.logentry",
  "pk": 41,
  "fields": {
    "action_time": "2023-11-23T14:28:34.857Z",
    "user": 2,
    "content_type": 20,
    "object_id": "aca3bf2f-e8ba-444a-91b1-7583d6219fda",
    "object_repr": "burger",
    "action_flag": 3,
    "change_message": ""
  }
},
{
  "model": "admin.logentry",
  "pk": 42,
  "fields": {
    "action_time": "2023-11-23T14:28:34.859Z",
    "user": 2,
    "content_type": 20,
    "object_id": "e092fc4d-b7c3-4ffd-8a2c-5378fc04a256",
    "object_repr": "burger",
    "action_flag": 3,
    "change_message": ""
  }
},
{
  "model": "admin.logentry",
  "pk": 43,
  "fields": {
    "action_time": "2023-11-23T14:28:34.861Z",
    "user": 2,
    "content_type": 20,
    "object_id": "26127bfd-5bd3-42d9-af18-9ae8f337d75e",
    "object_repr": "burger",
    "action_flag": 3,
    "change_message": ""
  }
},
{
  "model": "admin.logentry",
  "pk": 44,
  "fields": {
    "action_time": "2023-11-23T15:34:20.213Z",
    "user": 2,
    "content_type": 20,
    "object_id": "363fcb9e-5bc1-49ec-9e66-294298bdd8c3",
    "object_repr": "burger",
    "action_flag": 3,
    "change_message": ""
  }
},
{
  "model": "admin.logentry",
  "pk": 45,
  "fields": {
    "action_time": "2023-11-23T15:34:20.217Z",
    "user": 2,
    "content_type": 20,
    "object_id": "f0baecf7-b0e5-4dd1-a1e6-13276bd57ccb",
    "object_repr": "burger",
    "action_flag": 3,
    "change_message": ""
  }
},
{
  "model": "admin.logentry",
  "pk": 46,
  "fields": {
    "action_time": "2023-11-23T17:51:18.783Z",
    "user": 2,
    "content_type": 20,
    "object_id": "8479a700-4bdb-4cce-a212-1c7429870366",
    "object_repr": "burger",
    "action_flag": 3,
    "change_message": ""
  }
},
{
  "model": "admin.logentry",
  "pk": 47,
  "fields": {
    "action_time": "2023-11-23T18:03:05.152Z",
    "user": 2,
    "content_type": 20,
    "object_id": "3f44e31e-0db0-4b65-aa45-78f46df51baa",
    "object_repr": "burger",
    "action_flag": 2,
    "change_message": "[{\"changed\": {\"fields\": [\"Is customizable\"]}}]"
  }
},
{
  "model": "admin.logentry",
  "pk": 48,
  "fields": {
    "action_time": "2023-11-24T06:32:00.317Z",
    "user": 2,
    "content_type": 20,
    "object_id": "c8cc35ea-25e1-44a8-b469-be20f91c45dc",
    "object_repr": "steak",
    "action_flag": 1,
    "change_message": "[{\"added\": {}}, {\"added\": {\"name\": \"Food Category Compound\", \"object\": \"steak - burger meats\"}}]"
  }
},
{
  "model": "admin.logentry",
  "pk": 49,
  "fields": {
    "action_time": "2023-11-24T06:32:13.368Z",
    "user": 2,
    "content_type": 20,
    "object_id": "c8cc35ea-25e1-44a8-b469-be20f91c45dc",
    "object_repr": "steak",
    "action_flag": 3,
    "change_message": ""
  }
},
{
  "model": "admin.logentry",
  "pk": 50,
  "fields": {
    "action_time": "2023-11-27T18:40:12.874Z",
    "user": 2,
    "content_type": 15,
    "object_id": "3",
    "object_repr": "ahmner@example.com",
    "action_flag": 2,
    "change_message": "[{\"changed\": {\"fields\": [\"Is admin\"]}}]"
  }
},
{
  "model": "admin.logentry",
  "pk": 51,
  "fields": {
    "action_time": "2023-11-27T18:40:20.314Z",
    "user": 2,
    "content_type": 15,
    "object_id": "3",
    "object_repr": "ahmner@example.com",
    "action_flag": 2,
    "change_message": "[{\"changed\": {\"fields\": [\"Is admin\"]}}]"
  }
},
{
  "model": "admin.logentry",
  "pk": 52,
  "fields": {
    "action_time": "2023-11-27T18:44:57.898Z",
    "user": 2,
    "content_type": 15,
    "object_id": "3",
    "object_repr": "ahmner@example.com",
    "action_flag": 3,
    "change_message": ""
  }
},
{
  "model": "admin.logentry",
  "pk": 53,
  "fields": {
    "action_time": "2023-11-27T18:47:38.713Z",
    "user": 2,
    "content_type": 15,
    "object_id": "4",
    "object_repr": "ahmner@example.com",
    "action_flag": 3,
    "change_message": ""
  }
},
{
  "model": "admin.logentry",
  "pk": 54,
  "fields": {
    "action_time": "2023-11-27T18:48:29.818Z",
    "user": 2,
    "content_type": 15,
    "object_id": "5",
    "object_repr": "ahmner@example.com",
    "action_flag": 3,
    "change_message": ""
  }
},
{
  "model": "admin.logentry",
  "pk": 55,
  "fields": {
    "action_time": "2023-12-22T14:00:30.436Z",
    "user": 2,
    "content_type": 16,
    "object_id": "5",
    "object_repr": "ahmner@example.com profile",
    "action_flag": 2,
    "change_message": "[{\"changed\": {\"fields\": [\"Public name\"]}}]"
  }
},
{
  "model": "admin.logentry",
  "pk": 56,
  "fields": {
    "action_time": "2023-12-22T14:00:37.227Z",
    "user": 2,
    "content_type": 16,
    "object_id": "1",
    "object_repr": "user@example.com profile",
    "action_flag": 2,
    "change_message": "[{\"changed\": {\"fields\": [\"Public name\"]}}]"
  }
},
{
  "model": "admin.logentry",
  "pk": 57,
  "fields": {
    "action_time": "2023-12-22T14:07:40.522Z",
    "user": 2,
    "content_type": 15,
    "object_id": "7",
    "object_repr": "jalil@example.com",
    "action_flag": 3,
    "change_message": ""
  }
},
{
  "model": "admin.logentry",
  "pk": 58,
  "fields": {
    "action_time": "2024-01-21T19:01:03.588Z",
    "user": 2,
    "content_type": 19,
    "object_id": "9d3a8b74-dd34-4539-862b-432fbc0465cd",
    "object_repr": "Food object (9d3a8b74-dd34-4539-862b-432fbc0465cd)",
    "action_flag": 1,
    "change_message": "[{\"added\": {}}, {\"added\": {\"name\": \"FoodIngredient\", \"object\": \"FoodIngredient object (9e3dfdf2-08d1-49c3-9218-69a357329dc8)\"}}, {\"added\": {\"name\": \"FoodIngredient\", \"object\": \"FoodIngredient object (b8edb10d-03b6-4f00-b3d0-6c66a52c8988)\"}}, {\"added\": {\"name\": \"FoodIngredient\", \"object\": \"FoodIngredient object (21edb2e9-2fb4-4430-9c0e-4631be395ccd)\"}}]"
  }
},
{
  "model": "admin.logentry",
  "pk": 59,
  "fields": {
    "action_time": "2024-01-21T19:12:14.200Z",
    "user": 2,
    "content_type": 19,
    "object_id": "9d3a8b74-dd34-4539-862b-432fbc0465cd",
    "object_repr": "Food object (9d3a8b74-dd34-4539-862b-432fbc0465cd)",
    "action_flag": 2,
    "change_message": "[]"
  }
},
{
  "model": "admin.logentry",
  "pk": 60,
  "fields": {
    "action_time": "2024-01-21T19:12:54.909Z",
    "user": 2,
    "content_type": 19,
    "object_id": "e614f7e6-9f34-4665-904c-d3a840f1e2b6",
    "object_repr": "Food object (e614f7e6-9f34-4665-904c-d3a840f1e2b6)",
    "action_flag": 1,
    "change_message": "[{\"added\": {}}, {\"added\": {\"name\": \"FoodIngredient\", \"object\": \"FoodIngredient object (35804ceb-2dc0-4481-9822-8b88a0efad30)\"}}, {\"added\": {\"name\": \"FoodIngredient\", \"object\": \"FoodIngredient object (a040f50b-684a-46a9-85af-22e90247d2a8)\"}}]"
  }
},
{
  "model": "admin.logentry",
  "pk": 61,
  "fields": {
    "action_time": "2024-01-21T19:14:16.502Z",
    "user": 2,
    "content_type": 19,
    "object_id": "c2243b4e-3026-4d47-a688-18c43d15a3fb",
    "object_repr": "Food object (c2243b4e-3026-4d47-a688-18c43d15a3fb)",
    "action_flag": 1,
    "change_message": "[{\"added\": {}}, {\"added\": {\"name\": \"FoodIngredient\", \"object\": \"FoodIngredient object (05b2d17d-d4c2-46fa-9506-87ac04828808)\"}}, {\"added\": {\"name\": \"FoodIngredient\", \"object\": \"FoodIngredient object (c61e759a-bf39-4bf8-a309-c8365bb523e7)\"}}]"
  }
},
{
  "model": "admin.logentry",
  "pk": 62,
  "fields": {
    "action_time": "2024-01-22T14:36:07.917Z",
    "user": 2,
    "content_type": 17,
    "object_id": "2c441f4c-378a-42c2-a396-7bdb08073939",
    "object_repr": "goda cheese",
    "action_flag": 2,
    "change_message": "[{\"changed\": {\"fields\": [\"Unit\"]}}]"
  }
},
{
  "model": "admin.logentry",
  "pk": 63,
  "fields": {
    "action_time": "2024-01-22T14:40:06.551Z",
    "user": 2,
    "content_type": 17,
    "object_id": "501425fb-8eca-4572-87f5-b924d58d78a9",
    "object_repr": "ground beef burger",
    "action_flag": 2,
    "change_message": "[{\"changed\": {\"fields\": [\"Unit\"]}}]"
  }
},
{
  "model": "admin.logentry",
  "pk": 64,
  "fields": {
    "action_time": "2024-01-22T15:05:41.837Z",
    "user": 2,
    "content_type": 19,
    "object_id": "e614f7e6-9f34-4665-904c-d3a840f1e2b6",
    "object_repr": "Food object (e614f7e6-9f34-4665-904c-d3a840f1e2b6)",
    "action_flag": 2,
    "change_message": "[{\"changed\": {\"fields\": [\"Is confirmed\"]}}]"
  }
},
{
  "model": "admin.logentry",
  "pk": 65,
  "fields": {
    "action_time": "2024-01-22T15:06:09.124Z",
    "user": 2,
    "content_type": 19,
    "object_id": "e614f7e6-9f34-4665-904c-d3a840f1e2b6",
    "object_repr": "Food object (e614f7e6-9f34-4665-904c-d3a840f1e2b6)",
    "action_flag": 2,
    "change_message": "[{\"changed\": {\"fields\": [\"Is confirmed\"]}}]"
  }
},
{
  "model": "admin.logentry",
  "pk": 66,
  "fields": {
    "action_time": "2024-01-22T15:25:32.998Z",
    "user": 2,
    "content_type": 19,
    "object_id": "9d3a8b74-dd34-4539-862b-432fbc0465cd",
    "object_repr": "Food object (9d3a8b74-dd34-4539-862b-432fbc0465cd)",
    "action_flag": 2,
    "change_message": "[{\"changed\": {\"fields\": [\"Created by\"]}}]"
  }
},
{
  "model": "admin.logentry",
  "pk": 67,
  "fields": {
    "action_time": "2024-01-22T15:25:50.121Z",
    "user": 2,
    "content_type": 19,
    "object_id": "e614f7e6-9f34-4665-904c-d3a840f1e2b6",
    "object_repr": "Food object (e614f7e6-9f34-4665-904c-d3a840f1e2b6)",
    "action_flag": 2,
    "change_message": "[{\"changed\": {\"fields\": [\"Created by\"]}}]"
  }
},
{
  "model": "admin.logentry",
  "pk": 68,
  "fields": {
    "action_time": "2024-01-23T16:29:20.040Z",
    "user": 2,
    "content_type": 19,
    "object_id": "c2243b4e-3026-4d47-a688-18c43d15a3fb",
    "object_repr": "Food object (c2243b4e-3026-4d47-a688-18c43d15a3fb)",
    "action_flag": 2,
    "change_message": "[{\"changed\": {\"fields\": [\"Category\"]}}]"
  }
},
{
  "model": "admin.logentry",
  "pk": 69,
  "fields": {
    "action_time": "2024-01-23T16:29:28.755Z",
    "user": 2,
    "content_type": 19,
    "object_id": "c2243b4e-3026-4d47-a688-18c43d15a3fb",
    "object_repr": "Food object (c2243b4e-3026-4d47-a688-18c43d15a3fb)",
    "action_flag": 2,
    "change_message": "[{\"changed\": {\"fields\": [\"Category\"]}}]"
  }
},
{
  "model": "admin.logentry",
  "pk": 70,
  "fields": {
    "action_time": "2024-01-23T16:52:02.372Z",
    "user": 2,
    "content_type": 19,
    "object_id": "9d3a8b74-dd34-4539-862b-432fbc0465cd",
    "object_repr": "Food object (9d3a8b74-dd34-4539-862b-432fbc0465cd)",
    "action_flag": 2,
    "change_message": "[{\"changed\": {\"fields\": [\"Category\"]}}]"
  }
},
{
  "model": "admin.logentry",
  "pk": 71,
  "fields": {
    "action_time": "2024-01-23T16:52:28.761Z",
    "user": 2,
    "content_type": 19,
    "object_id": "9d3a8b74-dd34-4539-862b-432fbc0465cd",
    "object_repr": "Food object (9d3a8b74-dd34-4539-862b-432fbc0465cd)",
    "action_flag": 2,
    "change_message": "[]"
  }
},
{
  "model": "admin.logentry",
  "pk": 72,
  "fields": {
    "action_time": "2024-01-23T16:53:38.401Z",
    "user": 2,
    "content_type": 19,
    "object_id": "9d3a8b74-dd34-4539-862b-432fbc0465cd",
    "object_repr": "Food object (9d3a8b74-dd34-4539-862b-432fbc0465cd)",
    "action_flag": 2,
    "change_message": "[{\"changed\": {\"fields\": [\"Category\"]}}]"
  }
},
{
  "model": "admin.logentry",
  "pk": 73,
  "fields": {
    "action_time": "2024-01-23T16:53:45.668Z",
    "user": 2,
    "content_type": 19,
    "object_id": "e614f7e6-9f34-4665-904c-d3a840f1e2b6",
    "object_repr": "Food object (e614f7e6-9f34-4665-904c-d3a840f1e2b6)",
    "action_flag": 2,
    "change_message": "[{\"changed\": {\"fields\": [\"Is public\"]}}]"
  }
},
{
  "model": "admin.logentry",
  "pk": 74,
  "fields": {
    "action_time": "2024-01-23T16:54:36.224Z",
    "user": 2,
    "content_type": 19,
    "object_id": "e614f7e6-9f34-4665-904c-d3a840f1e2b6",
    "object_repr": "Food object (e614f7e6-9f34-4665-904c-d3a840f1e2b6)",
    "action_flag": 2,
    "change_message": "[{\"changed\": {\"fields\": [\"Is confirmed\", \"Is public\"]}}]"
  }
},
{
  "model": "admin.logentry",
  "pk": 75,
  "fields": {
    "action_time": "2024-01-23T16:55:05.398Z",
    "user": 2,
    "content_type": 19,
    "object_id": "9d3a8b74-dd34-4539-862b-432fbc0465cd",
    "object_repr": "Food object (9d3a8b74-dd34-4539-862b-432fbc0465cd)",
    "action_flag": 2,
    "change_message": "[{\"changed\": {\"fields\": [\"Category\"]}}]"
  }
},
{
  "model": "admin.logentry",
  "pk": 76,
  "fields": {
    "action_time": "2024-01-23T16:55:23.292Z",
    "user": 2,
    "content_type": 20,
    "object_id": "d8d305f6-b95a-4254-9800-04c61ed80ecf",
    "object_repr": "burger2",
    "action_flag": 2,
    "change_message": "[{\"changed\": {\"fields\": [\"Name\"]}}]"
  }
},
{
  "model": "admin.logentry",
  "pk": 77,
  "fields": {
    "action_time": "2024-01-23T16:55:39.939Z",
    "user": 2,
    "content_type": 19,
    "object_id": "e614f7e6-9f34-4665-904c-d3a840f1e2b6",
    "object_repr": "Food object (e614f7e6-9f34-4665-904c-d3a840f1e2b6)",
    "action_flag": 2,
    "change_message": "[{\"changed\": {\"fields\": [\"Is confirmed\"]}}]"
  }
},
{
  "model": "admin.logentry",
  "pk": 78,
  "fields": {
    "action_time": "2024-01-23T16:55:47.037Z",
    "user": 2,
    "content_type": 19,
    "object_id": "9d3a8b74-dd34-4539-862b-432fbc0465cd",
    "object_repr": "Food object (9d3a8b74-dd34-4539-862b-432fbc0465cd)",
    "action_flag": 2,
    "change_message": "[{\"changed\": {\"fields\": [\"Category\"]}}]"
  }
},
{
  "model": "admin.logentry",
  "pk": 79,
  "fields": {
    "action_time": "2024-01-23T17:45:42.606Z",
    "user": 2,
    "content_type": 20,
    "object_id": "722bf82c-0587-4e01-b029-a57d8f109e8b",
    "object_repr": "burger3",
    "action_flag": 3,
    "change_message": ""
  }
},
{
  "model": "admin.logentry",
  "pk": 80,
  "fields": {
    "action_time": "2024-01-23T17:52:38.696Z",
    "user": 2,
    "content_type": 20,
    "object_id": "9ace4583-e53f-4108-93d1-d1b529113816",
    "object_repr": "burger3",
    "action_flag": 3,
    "change_message": ""
  }
},
{
  "model": "admin.logentry",
  "pk": 81,
  "fields": {
    "action_time": "2024-01-23T17:53:26.345Z",
    "user": 2,
    "content_type": 20,
    "object_id": "bceb0818-09e1-4e90-a2e9-59e3328e3fe8",
    "object_repr": "burger3",
    "action_flag": 3,
    "change_message": ""
  }
},
{
  "model": "admin.logentry",
  "pk": 82,
  "fields": {
    "action_time": "2024-01-24T11:33:40.128Z",
    "user": 2,
    "content_type": 19,
    "object_id": "5e223224-1e25-40df-b091-c7c492b5dbb5",
    "object_repr": "Food object (5e223224-1e25-40df-b091-c7c492b5dbb5)",
    "action_flag": 3,
    "change_message": ""
  }
},
{
  "model": "admin.logentry",
  "pk": 83,
  "fields": {
    "action_time": "2024-01-24T11:47:10.146Z",
    "user": 2,
    "content_type": 20,
    "object_id": "d8d305f6-b95a-4254-9800-04c61ed80ecf",
    "object_repr": "burger2",
    "action_flag": 2,
    "change_message": "[{\"changed\": {\"fields\": [\"Is active\"]}}]"
  }
},
{
  "model": "admin.logentry",
  "pk": 84,
  "fields": {
    "action_time": "2024-01-24T11:56:25.200Z",
    "user": 2,
    "content_type": 19,
    "object_id": "b4563972-b1b2-4735-b9c0-1c56c0d0658c",
    "object_repr": "Food object (b4563972-b1b2-4735-b9c0-1c56c0d0658c)",
    "action_flag": 3,
    "change_message": ""
  }
},
{
  "model": "admin.logentry",
  "pk": 85,
  "fields": {
    "action_time": "2024-01-24T11:58:12.990Z",
    "user": 2,
    "content_type": 20,
    "object_id": "3f44e31e-0db0-4b65-aa45-78f46df51baa",
    "object_repr": "burger",
    "action_flag": 2,
    "change_message": "[{\"changed\": {\"fields\": [\"Is active\"]}}]"
  }
},
{
  "model": "admin.logentry",
  "pk": 86,
  "fields": {
    "action_time": "2024-01-24T12:00:09.148Z",
    "user": 2,
    "content_type": 20,
    "object_id": "3f44e31e-0db0-4b65-aa45-78f46df51baa",
    "object_repr": "burger",
    "action_flag": 2,
    "change_message": "[{\"changed\": {\"fields\": [\"Is active\"]}}]"
  }
},
{
  "model": "admin.logentry",
  "pk": 87,
  "fields": {
    "action_time": "2024-01-24T12:04:30.080Z",
    "user": 2,
    "content_type": 20,
    "object_id": "3f44e31e-0db0-4b65-aa45-78f46df51baa",
    "object_repr": "burger",
    "action_flag": 2,
    "change_message": "[{\"changed\": {\"fields\": [\"Is active\"]}}]"
  }
},
{
  "model": "admin.logentry",
  "pk": 88,
  "fields": {
    "action_time": "2024-01-24T12:04:41.268Z",
    "user": 2,
    "content_type": 20,
    "object_id": "3f44e31e-0db0-4b65-aa45-78f46df51baa",
    "object_repr": "burger",
    "action_flag": 2,
    "change_message": "[{\"changed\": {\"fields\": [\"Is active\"]}}]"
  }
},
{
  "model": "admin.logentry",
  "pk": 89,
  "fields": {
    "action_time": "2024-01-25T18:49:01.869Z",
    "user": 2,
    "content_type": 19,
    "object_id": "600c8d7e-076d-4471-b100-49694d4ccf49",
    "object_repr": "Food object (600c8d7e-076d-4471-b100-49694d4ccf49)",
    "action_flag": 2,
    "change_message": "[{\"changed\": {\"fields\": [\"Is confirmed\", \"Is public\"]}}]"
  }
},
{
  "model": "admin.logentry",
  "pk": 90,
  "fields": {
    "action_time": "2024-01-25T18:49:24.626Z",
    "user": 2,
    "content_type": 19,
    "object_id": "600c8d7e-076d-4471-b100-49694d4ccf49",
    "object_repr": "Food object (600c8d7e-076d-4471-b100-49694d4ccf49)",
    "action_flag": 2,
    "change_message": "[{\"changed\": {\"fields\": [\"Is confirmed\"]}}]"
  }
},
{
  "model": "admin.logentry",
  "pk": 91,
  "fields": {
    "action_time": "2024-01-25T18:50:41.738Z",
    "user": 2,
    "content_type": 19,
    "object_id": "600c8d7e-076d-4471-b100-49694d4ccf49",
    "object_repr": "Food object (600c8d7e-076d-4471-b100-49694d4ccf49)",
    "action_flag": 2,
    "change_message": "[{\"changed\": {\"fields\": [\"Created by\"]}}]"
  }
},
{
  "model": "admin.logentry",
  "pk": 92,
  "fields": {
    "action_time": "2024-01-25T18:54:03.233Z",
    "user": 2,
    "content_type": 19,
    "object_id": "600c8d7e-076d-4471-b100-49694d4ccf49",
    "object_repr": "Food object (600c8d7e-076d-4471-b100-49694d4ccf49)",
    "action_flag": 2,
    "change_message": "[{\"changed\": {\"fields\": [\"Is confirmed\"]}}]"
  }
},
{
  "model": "admin.logentry",
  "pk": 93,
  "fields": {
    "action_time": "2024-01-25T18:54:57.225Z",
    "user": 2,
    "content_type": 19,
    "object_id": "600c8d7e-076d-4471-b100-49694d4ccf49",
    "object_repr": "Food object (600c8d7e-076d-4471-b100-49694d4ccf49)",
    "action_flag": 2,
    "change_message": "[{\"changed\": {\"fields\": [\"Created by\"]}}]"
  }
},
{
  "model": "admin.logentry",
  "pk": 94,
  "fields": {
    "action_time": "2024-01-25T18:57:57.044Z",
    "user": 2,
    "content_type": 19,
    "object_id": "946a557c-6d0d-4289-a78a-56aff91d3145",
    "object_repr": "Food object (946a557c-6d0d-4289-a78a-56aff91d3145)",
    "action_flag": 3,
    "change_message": ""
  }
},
{
  "model": "admin.logentry",
  "pk": 95,
  "fields": {
    "action_time": "2024-01-25T18:57:57.046Z",
    "user": 2,
    "content_type": 19,
    "object_id": "8ca5e5e0-a439-4f1d-b207-6031fd7339e1",
    "object_repr": "Food object (8ca5e5e0-a439-4f1d-b207-6031fd7339e1)",
    "action_flag": 3,
    "change_message": ""
  }
},
{
  "model": "admin.logentry",
  "pk": 96,
  "fields": {
    "action_time": "2024-01-25T18:58:51.034Z",
    "user": 2,
    "content_type": 19,
    "object_id": "d1cf7f50-e4d1-4fb2-a8a4-b10c4acbe0c9",
    "object_repr": "Food object (d1cf7f50-e4d1-4fb2-a8a4-b10c4acbe0c9)",
    "action_flag": 3,
    "change_message": ""
  }
},
{
  "model": "admin.logentry",
  "pk": 97,
  "fields": {
    "action_time": "2024-01-25T19:44:19.410Z",
    "user": 2,
    "content_type": 19,
    "object_id": "e8ca818f-32b4-48ab-8b8c-0a5a065ed676",
    "object_repr": "Food object (e8ca818f-32b4-48ab-8b8c-0a5a065ed676)",
    "action_flag": 2,
    "change_message": "[{\"changed\": {\"fields\": [\"Is confirmed\"]}}]"
  }
},
{
  "model": "admin.logentry",
  "pk": 98,
  "fields": {
    "action_time": "2024-01-25T19:49:09.321Z",
    "user": 2,
    "content_type": 19,
    "object_id": "e8ca818f-32b4-48ab-8b8c-0a5a065ed676",
    "object_repr": "Food object (e8ca818f-32b4-48ab-8b8c-0a5a065ed676)",
    "action_flag": 2,
    "change_message": "[]"
  }
},
{
  "model": "admin.logentry",
  "pk": 99,
  "fields": {
    "action_time": "2024-01-25T19:51:08.354Z",
    "user": 2,
    "content_type": 19,
    "object_id": "e8ca818f-32b4-48ab-8b8c-0a5a065ed676",
    "object_repr": "Food object (e8ca818f-32b4-48ab-8b8c-0a5a065ed676)",
    "action_flag": 2,
    "change_message": "[{\"changed\": {\"fields\": [\"Is confirmed\"]}}]"
  }
},
{
  "model": "admin.logentry",
  "pk": 100,
  "fields": {
    "action_time": "2024-01-25T19:52:42.859Z",
    "user": 2,
    "content_type": 19,
    "object_id": "e8ca818f-32b4-48ab-8b8c-0a5a065ed676",
    "object_repr": "Food object (e8ca818f-32b4-48ab-8b8c-0a5a065ed676)",
    "action_flag": 2,
    "change_message": "[{\"changed\": {\"fields\": [\"Is confirmed\"]}}]"
  }
},
{
  "model": "admin.logentry",
  "pk": 101,
  "fields": {
    "action_time": "2024-01-25T19:53:58.666Z",
    "user": 2,
    "content_type": 19,
    "object_id": "e8ca818f-32b4-48ab-8b8c-0a5a065ed676",
    "object_repr": "Food object (e8ca818f-32b4-48ab-8b8c-0a5a065ed676)",
    "action_flag": 2,
    "change_message": "[{\"changed\": {\"fields\": [\"Is confirmed\"]}}]"
  }
},
{
  "model": "admin.logentry",
  "pk": 102,
  "fields": {
    "action_time": "2024-01-25T19:55:39.764Z",
    "user": 2,
    "content_type": 19,
    "object_id": "e8ca818f-32b4-48ab-8b8c-0a5a065ed676",
    "object_repr": "Food object (e8ca818f-32b4-48ab-8b8c-0a5a065ed676)",
    "action_flag": 2,
    "change_message": "[{\"changed\": {\"fields\": [\"Created by\"]}}]"
  }
},
{
  "model": "admin.logentry",
  "pk": 103,
  "fields": {
    "action_time": "2024-01-25T19:55:56.167Z",
    "user": 2,
    "content_type": 19,
    "object_id": "e8ca818f-32b4-48ab-8b8c-0a5a065ed676",
    "object_repr": "Food object (e8ca818f-32b4-48ab-8b8c-0a5a065ed676)",
    "action_flag": 2,
    "change_message": "[{\"changed\": {\"fields\": [\"Created by\"]}}]"
  }
},
{
  "model": "admin.logentry",
  "pk": 104,
  "fields": {
    "action_time": "2024-01-25T20:03:37.601Z",
    "user": 2,
    "content_type": 19,
    "object_id": "e8ca818f-32b4-48ab-8b8c-0a5a065ed676",
    "object_repr": "Food object (e8ca818f-32b4-48ab-8b8c-0a5a065ed676)",
    "action_flag": 3,
    "change_message": ""
  }
},
{
  "model": "admin.logentry",
  "pk": 105,
  "fields": {
    "action_time": "2024-01-25T20:03:37.604Z",
    "user": 2,
    "content_type": 19,
    "object_id": "cd5b8221-1161-460c-adfd-a77449377f8d",
    "object_repr": "Food object (cd5b8221-1161-460c-adfd-a77449377f8d)",
    "action_flag": 3,
    "change_message": ""
  }
},
{
  "model": "admin.logentry",
  "pk": 106,
  "fields": {
    "action_time": "2024-01-25T20:04:34.634Z",
    "user": 2,
    "content_type": 19,
    "object_id": "91fa88bc-5cfe-49ae-8978-af2f80115347",
    "object_repr": "Food object (91fa88bc-5cfe-49ae-8978-af2f80115347)",
    "action_flag": 2,
    "change_message": "[{\"changed\": {\"fields\": [\"Created by\"]}}]"
  }
},
{
  "model": "admin.logentry",
  "pk": 107,
  "fields": {
    "action_time": "2024-01-31T07:28:21.898Z",
    "user": 2,
    "content_type": 20,
    "object_id": "3f44e31e-0db0-4b65-aa45-78f46df51baa",
    "object_repr": "burger",
    "action_flag": 2,
    "change_message": "[{\"changed\": {\"fields\": [\"Is active\"]}}]"
  }
},
{
  "model": "admin.logentry",
  "pk": 108,
  "fields": {
    "action_time": "2024-01-31T07:28:40.895Z",
    "user": 2,
    "content_type": 20,
    "object_id": "3f44e31e-0db0-4b65-aa45-78f46df51baa",
    "object_repr": "burger",
    "action_flag": 2,
    "change_message": "[{\"changed\": {\"fields\": [\"Is active\"]}}]"
  }
},
{
  "model": "admin.logentry",
  "pk": 109,
  "fields": {
    "action_time": "2024-01-31T07:28:57.121Z",
    "user": 2,
    "content_type": 20,
    "object_id": "3f44e31e-0db0-4b65-aa45-78f46df51baa",
    "object_repr": "burger",
    "action_flag": 2,
    "change_message": "[{\"changed\": {\"fields\": [\"Is active\"]}}]"
  }
},
{
  "model": "admin.logentry",
  "pk": 110,
  "fields": {
    "action_time": "2024-01-31T07:31:09.797Z",
    "user": 2,
    "content_type": 18,
    "object_id": "f34a57f2-9b47-4005-92ca-0620105d16d4",
    "object_repr": "buns",
    "action_flag": 2,
    "change_message": "[{\"changed\": {\"fields\": [\"Is active\"]}}]"
  }
},
{
  "model": "admin.logentry",
  "pk": 111,
  "fields": {
    "action_time": "2024-01-31T07:31:21.607Z",
    "user": 2,
    "content_type": 18,
    "object_id": "f34a57f2-9b47-4005-92ca-0620105d16d4",
    "object_repr": "buns",
    "action_flag": 2,
    "change_message": "[{\"changed\": {\"fields\": [\"Is active\"]}}]"
  }
},
{
  "model": "admin.logentry",
  "pk": 112,
  "fields": {
    "action_time": "2024-01-31T07:31:58.042Z",
    "user": 2,
    "content_type": 18,
    "object_id": "f34a57f2-9b47-4005-92ca-0620105d16d4",
    "object_repr": "buns",
    "action_flag": 2,
    "change_message": "[{\"changed\": {\"fields\": [\"Is active\"]}}]"
  }
},
{
  "model": "admin.logentry",
  "pk": 113,
  "fields": {
    "action_time": "2024-01-31T07:32:10.618Z",
    "user": 2,
    "content_type": 18,
    "object_id": "f34a57f2-9b47-4005-92ca-0620105d16d4",
    "object_repr": "buns",
    "action_flag": 2,
    "change_message": "[{\"changed\": {\"fields\": [\"Is active\"]}}]"
  }
},
{
  "model": "admin.logentry",
  "pk": 114,
  "fields": {
    "action_time": "2024-01-31T07:33:20.703Z",
    "user": 2,
    "content_type": 18,
    "object_id": "f34a57f2-9b47-4005-92ca-0620105d16d4",
    "object_repr": "buns",
    "action_flag": 2,
    "change_message": "[{\"changed\": {\"fields\": [\"Is active\"]}}]"
  }
},
{
  "model": "admin.logentry",
  "pk": 115,
  "fields": {
    "action_time": "2024-01-31T07:34:06.550Z",
    "user": 2,
    "content_type": 18,
    "object_id": "f34a57f2-9b47-4005-92ca-0620105d16d4",
    "object_repr": "buns",
    "action_flag": 2,
    "change_message": "[{\"changed\": {\"fields\": [\"Is active\"]}}]"
  }
},
{
  "model": "admin.logentry",
  "pk": 116,
  "fields": {
    "action_time": "2024-01-31T07:34:18.368Z",
    "user": 2,
    "content_type": 18,
    "object_id": "f34a57f2-9b47-4005-92ca-0620105d16d4",
    "object_repr": "buns",
    "action_flag": 2,
    "change_message": "[{\"changed\": {\"fields\": [\"Is active\"]}}]"
  }
},
{
  "model": "admin.logentry",
  "pk": 117,
  "fields": {
    "action_time": "2024-01-31T07:34:26.355Z",
    "user": 2,
    "content_type": 18,
    "object_id": "f34a57f2-9b47-4005-92ca-0620105d16d4",
    "object_repr": "buns",
    "action_flag": 2,
    "change_message": "[{\"changed\": {\"fields\": [\"Is active\"]}}]"
  }
},
{
  "model": "admin.logentry",
  "pk": 118,
  "fields": {
    "action_time": "2024-01-31T08:24:06.244Z",
    "user": 2,
    "content_type": 20,
    "object_id": "60abbaf6-023b-4158-83ba-0b886dd80950",
    "object_repr": "afds",
    "action_flag": 1,
    "change_message": "[{\"added\": {}}]"
  }
},
{
  "model": "admin.logentry",
  "pk": 119,
  "fields": {
    "action_time": "2024-02-18T15:05:07.679Z",
    "user": 2,
    "content_type": 24,
    "object_id": "ff490f66-ad55-4c62-b576-9036d5feeb14",
    "object_repr": "jalil discount",
    "action_flag": 1,
    "change_message": "[{\"added\": {}}]"
  }
},
{
  "model": "admin.logentry",
  "pk": 120,
  "fields": {
    "action_time": "2024-02-18T15:06:34.188Z",
    "user": 2,
    "content_type": 24,
    "object_id": "bdd9fe75-8c1d-4321-b058-0b9ac66aadde",
    "object_repr": "Spring",
    "action_flag": 1,
    "change_message": "[{\"added\": {}}]"
  }
},
{
  "model": "admin.logentry",
  "pk": 121,
  "fields": {
    "action_time": "2024-02-18T15:08:08.417Z",
    "user": 2,
    "content_type": 24,
    "object_id": "ff490f66-ad55-4c62-b576-9036d5feeb14",
    "object_repr": "aliali discount",
    "action_flag": 2,
    "change_message": "[{\"changed\": {\"fields\": [\"Name\", \"Object id\"]}}]"
  }
},
{
  "model": "admin.logentry",
  "pk": 122,
  "fields": {
    "action_time": "2024-02-18T15:13:11.966Z",
    "user": 2,
    "content_type": 24,
    "object_id": "ff490f66-ad55-4c62-b576-9036d5feeb14",
    "object_repr": "aliali discount",
    "action_flag": 2,
    "change_message": "[{\"changed\": {\"fields\": [\"Object id\"]}}]"
  }
},
{
  "model": "admin.logentry",
  "pk": 123,
  "fields": {
    "action_time": "2024-02-18T15:14:48.889Z",
    "user": 2,
    "content_type": 24,
    "object_id": "ff490f66-ad55-4c62-b576-9036d5feeb14",
    "object_repr": "aliali discount",
    "action_flag": 2,
    "change_message": "[{\"changed\": {\"fields\": [\"Object id\"]}}]"
  }
},
{
  "model": "admin.logentry",
  "pk": 124,
  "fields": {
    "action_time": "2024-02-18T15:38:41.199Z",
    "user": 2,
    "content_type": 24,
    "object_id": "8bed4f03-85aa-4345-ae99-2a6233434a37",
    "object_repr": "fdasasd",
    "action_flag": 1,
    "change_message": "[{\"added\": {}}]"
  }
},
{
  "model": "admin.logentry",
  "pk": 125,
  "fields": {
    "action_time": "2024-02-18T15:38:52.786Z",
    "user": 2,
    "content_type": 24,
    "object_id": "aace8eaf-4354-4f11-94be-7e5c5773c635",
    "object_repr": "asdffasd",
    "action_flag": 1,
    "change_message": "[{\"added\": {}}]"
  }
},
{
  "model": "admin.logentry",
  "pk": 126,
  "fields": {
    "action_time": "2024-02-18T15:39:02.895Z",
    "user": 2,
    "content_type": 24,
    "object_id": "8bed4f03-85aa-4345-ae99-2a6233434a37",
    "object_repr": "fdasasd",
    "action_flag": 3,
    "change_message": ""
  }
},
{
  "model": "admin.logentry",
  "pk": 127,
  "fields": {
    "action_time": "2024-02-18T15:39:02.898Z",
    "user": 2,
    "content_type": 24,
    "object_id": "aace8eaf-4354-4f11-94be-7e5c5773c635",
    "object_repr": "asdffasd",
    "action_flag": 3,
    "change_message": ""
  }
},
{
  "model": "admin.logentry",
  "pk": 128,
  "fields": {
    "action_time": "2024-02-18T18:35:13.053Z",
    "user": 2,
    "content_type": 24,
    "object_id": "95fe781b-853e-48e7-b513-2b2da74b7359",
    "object_repr": "burger",
    "action_flag": 3,
    "change_message": ""
  }
},
{
  "model": "admin.logentry",
  "pk": 129,
  "fields": {
    "action_time": "2024-02-18T18:35:13.056Z",
    "user": 2,
    "content_type": 24,
    "object_id": "65460df7-5f7f-4f00-87c2-6583e596a6f8",
    "object_repr": "burger",
    "action_flag": 3,
    "change_message": ""
  }
},
{
  "model": "admin.logentry",
  "pk": 130,
  "fields": {
    "action_time": "2024-02-18T19:56:50.294Z",
    "user": 2,
    "content_type": 24,
    "object_id": "72968dd0-2c3e-4ba7-9d9f-8e5271cad464",
    "object_repr": "burger",
    "action_flag": 3,
    "change_message": ""
  }
},
{
  "model": "admin.logentry",
  "pk": 131,
  "fields": {
    "action_time": "2024-02-18T19:56:50.298Z",
    "user": 2,
    "content_type": 24,
    "object_id": "2707c847-8ec4-4035-b2ff-a65cb6b729b1",
    "object_repr": "burger",
    "action_flag": 3,
    "change_message": ""
  }
},
{
  "model": "admin.logentry",
  "pk": 132,
  "fields": {
    "action_time": "2024-02-18T19:58:07.039Z",
    "user": 2,
    "content_type": 24,
    "object_id": "ce631f7e-2ffe-445a-b020-fd349062e485",
    "object_repr": "triple burger",
    "action_flag": 3,
    "change_message": ""
  }
},
{
  "model": "admin.logentry",
  "pk": 133,
  "fields": {
    "action_time": "2024-02-18T19:58:40.595Z",
    "user": 2,
    "content_type": 24,
    "object_id": "c8d79e27-16e1-4baa-a247-bfb79a84fc11",
    "object_repr": "triple burger",
    "action_flag": 2,
    "change_message": "[{\"changed\": {\"fields\": [\"Is active\"]}}]"
  }
},
{
  "model": "admin.logentry",
  "pk": 134,
  "fields": {
    "action_time": "2024-02-18T19:59:33.338Z",
    "user": 2,
    "content_type": 24,
    "object_id": "c8d79e27-16e1-4baa-a247-bfb79a84fc11",
    "object_repr": "triple burger",
    "action_flag": 3,
    "change_message": ""
  }
},
{
  "model": "admin.logentry",
  "pk": 135,
  "fields": {
    "action_time": "2024-02-18T19:59:33.342Z",
    "user": 2,
    "content_type": 24,
    "object_id": "5b921127-ddfb-4fc6-b59a-656f59d62e79",
    "object_repr": "triple burger",
    "action_flag": 3,
    "change_message": ""
  }
},
{
  "model": "admin.logentry",
  "pk": 136,
  "fields": {
    "action_time": "2024-02-18T19:59:33.345Z",
    "user": 2,
    "content_type": 24,
    "object_id": "013dc2ca-d5f0-463f-85a1-6fc040ce7071",
    "object_repr": "triple burger",
    "action_flag": 3,
    "change_message": ""
  }
},
{
  "model": "admin.logentry",
  "pk": 137,
  "fields": {
    "action_time": "2024-02-18T20:24:44.097Z",
    "user": 2,
    "content_type": 19,
    "object_id": "91fa88bc-5cfe-49ae-8978-af2f80115347",
    "object_repr": "Food object (91fa88bc-5cfe-49ae-8978-af2f80115347)",
    "action_flag": 2,
    "change_message": "[{\"changed\": {\"fields\": [\"Is confirmed\"]}}]"
  }
},
{
  "model": "admin.logentry",
  "pk": 138,
  "fields": {
    "action_time": "2024-02-18T20:26:41.789Z",
    "user": 2,
    "content_type": 24,
    "object_id": "a4098a7b-d38a-41a7-a0dd-d15d1ce0face",
    "object_repr": "burger",
    "action_flag": 2,
    "change_message": "[{\"changed\": {\"fields\": [\"Is public\"]}}]"
  }
},
{
  "model": "admin.logentry",
  "pk": 139,
  "fields": {
    "action_time": "2024-02-18T20:26:41.797Z",
    "user": 2,
    "content_type": 24,
    "object_id": "9132e992-71c7-4ae1-a463-e209fbafe6be",
    "object_repr": "triple burger",
    "action_flag": 2,
    "change_message": "[{\"changed\": {\"fields\": [\"Is public\"]}}]"
  }
},
{
  "model": "admin.logentry",
  "pk": 140,
  "fields": {
    "action_time": "2024-02-18T20:27:10.556Z",
    "user": 2,
    "content_type": 24,
    "object_id": "9132e992-71c7-4ae1-a463-e209fbafe6be",
    "object_repr": "triple burger",
    "action_flag": 2,
    "change_message": "[{\"changed\": {\"fields\": [\"Absolute value\"]}}]"
  }
},
{
  "model": "admin.logentry",
  "pk": 141,
  "fields": {
    "action_time": "2024-02-18T20:27:32.169Z",
    "user": 2,
    "content_type": 24,
    "object_id": "9132e992-71c7-4ae1-a463-e209fbafe6be",
    "object_repr": "triple burger",
    "action_flag": 2,
    "change_message": "[{\"changed\": {\"fields\": [\"Type\", \"Percentage value\"]}}]"
  }
},
{
  "model": "admin.logentry",
  "pk": 142,
  "fields": {
    "action_time": "2024-02-19T08:15:29.494Z",
    "user": 2,
    "content_type": 24,
    "object_id": "40354875-55b3-4e84-98fb-89bd2292ced8",
    "object_repr": "test",
    "action_flag": 3,
    "change_message": ""
  }
},
{
  "model": "admin.logentry",
  "pk": 143,
  "fields": {
    "action_time": "2024-02-19T08:15:29.499Z",
    "user": 2,
    "content_type": 24,
    "object_id": "f5b0e5e1-5cc2-4c61-8ac3-94fb579a3915",
    "object_repr": "test",
    "action_flag": 3,
    "change_message": ""
  }
},
{
  "model": "admin.logentry",
  "pk": 144,
  "fields": {
    "action_time": "2024-02-19T08:24:10.872Z",
    "user": 2,
    "content_type": 24,
    "object_id": "5890cdae-b698-4c17-b385-83c6d2038e52",
    "object_repr": "test",
    "action_flag": 3,
    "change_message": ""
  }
},
{
  "model": "admin.logentry",
  "pk": 145,
  "fields": {
    "action_time": "2024-02-19T08:37:26.446Z",
    "user": 2,
    "content_type": 24,
    "object_id": "9132e992-71c7-4ae1-a463-e209fbafe6be",
    "object_repr": "triple burger",
    "action_flag": 2,
    "change_message": "[{\"changed\": {\"fields\": [\"Expiration date\"]}}]"
  }
},
{
  "model": "admin.logentry",
  "pk": 146,
  "fields": {
    "action_time": "2024-02-19T08:37:32.885Z",
    "user": 2,
    "content_type": 24,
    "object_id": "9132e992-71c7-4ae1-a463-e209fbafe6be",
    "object_repr": "triple burger",
    "action_flag": 2,
    "change_message": "[]"
  }
},
{
  "model": "admin.logentry",
  "pk": 147,
  "fields": {
    "action_time": "2024-02-19T08:37:35.018Z",
    "user": 2,
    "content_type": 24,
    "object_id": "9132e992-71c7-4ae1-a463-e209fbafe6be",
    "object_repr": "triple burger",
    "action_flag": 2,
    "change_message": "[{\"changed\": {\"fields\": [\"Is active\"]}}]"
  }
},
{
  "model": "admin.logentry",
  "pk": 148,
  "fields": {
    "action_time": "2024-02-19T10:21:11.880Z",
    "user": 2,
    "content_type": 24,
    "object_id": "9132e992-71c7-4ae1-a463-e209fbafe6be",
    "object_repr": "triple burger",
    "action_flag": 2,
    "change_message": "[{\"changed\": {\"fields\": [\"Has time limit\"]}}]"
  }
},
{
  "model": "admin.logentry",
  "pk": 149,
  "fields": {
    "action_time": "2024-02-19T12:09:56.977Z",
    "user": 2,
    "content_type": 24,
    "object_id": "9132e992-71c7-4ae1-a463-e209fbafe6be",
    "object_repr": "triple burger",
    "action_flag": 2,
    "change_message": "[{\"changed\": {\"fields\": [\"Expiration date\"]}}]"
  }
},
{
  "model": "admin.logentry",
  "pk": 150,
  "fields": {
    "action_time": "2024-02-19T12:09:59.724Z",
    "user": 2,
    "content_type": 24,
    "object_id": "9132e992-71c7-4ae1-a463-e209fbafe6be",
    "object_repr": "triple burger",
    "action_flag": 2,
    "change_message": "[{\"changed\": {\"fields\": [\"Is active\"]}}]"
  }
},
{
  "model": "admin.logentry",
  "pk": 151,
  "fields": {
    "action_time": "2024-02-20T09:17:16.699Z",
    "user": 2,
    "content_type": 19,
    "object_id": "9d3a8b74-dd34-4539-862b-432fbc0465cd",
    "object_repr": "Food object (9d3a8b74-dd34-4539-862b-432fbc0465cd)",
    "action_flag": 2,
    "change_message": "[{\"changed\": {\"fields\": [\"Created by\"]}}]"
  }
},
{
  "model": "admin.logentry",
  "pk": 152,
  "fields": {
    "action_time": "2024-02-20T09:17:40.979Z",
    "user": 2,
    "content_type": 19,
    "object_id": "9d3a8b74-dd34-4539-862b-432fbc0465cd",
    "object_repr": "Food object (9d3a8b74-dd34-4539-862b-432fbc0465cd)",
    "action_flag": 2,
    "change_message": "[{\"changed\": {\"fields\": [\"Is public\"]}}]"
  }
},
{
  "model": "admin.logentry",
  "pk": 153,
  "fields": {
    "action_time": "2024-02-20T09:18:00.233Z",
    "user": 2,
    "content_type": 19,
    "object_id": "9d3a8b74-dd34-4539-862b-432fbc0465cd",
    "object_repr": "Food object (9d3a8b74-dd34-4539-862b-432fbc0465cd)",
    "action_flag": 2,
    "change_message": "[{\"changed\": {\"fields\": [\"Created by\"]}}]"
  }
},
{
  "model": "admin.logentry",
  "pk": 154,
  "fields": {
    "action_time": "2024-02-20T13:40:29.788Z",
    "user": 2,
    "content_type": 24,
    "object_id": "9132e992-71c7-4ae1-a463-e209fbafe6be",
    "object_repr": "triple burger",
    "action_flag": 2,
    "change_message": "[{\"changed\": {\"fields\": [\"Code\"]}}]"
  }
},
{
  "model": "admin.logentry",
  "pk": 155,
  "fields": {
    "action_time": "2024-02-20T13:40:44.325Z",
    "user": 2,
    "content_type": 24,
    "object_id": "ff490f66-ad55-4c62-b576-9036d5feeb14",
    "object_repr": "aliali discount",
    "action_flag": 2,
    "change_message": "[{\"changed\": {\"fields\": [\"Code\"]}}]"
  }
},
{
  "model": "admin.logentry",
  "pk": 156,
  "fields": {
    "action_time": "2024-02-20T13:41:42.410Z",
    "user": 2,
    "content_type": 19,
    "object_id": "9d3a8b74-dd34-4539-862b-432fbc0465cd",
    "object_repr": "Food object (9d3a8b74-dd34-4539-862b-432fbc0465cd)",
    "action_flag": 2,
    "change_message": "[{\"changed\": {\"fields\": [\"Is public\"]}}]"
  }
},
{
  "model": "admin.logentry",
  "pk": 157,
  "fields": {
    "action_time": "2024-02-20T13:42:09.704Z",
    "user": 2,
    "content_type": 19,
    "object_id": "e614f7e6-9f34-4665-904c-d3a840f1e2b6",
    "object_repr": "Food object (e614f7e6-9f34-4665-904c-d3a840f1e2b6)",
    "action_flag": 2,
    "change_message": "[]"
  }
},
{
  "model": "admin.logentry",
  "pk": 158,
  "fields": {
    "action_time": "2024-02-20T13:44:45.165Z",
    "user": 2,
    "content_type": 24,
    "object_id": "06ffe658-bec8-44b7-9804-01eb7078ca3c",
    "object_repr": "test",
    "action_flag": 3,
    "change_message": ""
  }
},
{
  "model": "admin.logentry",
  "pk": 159,
  "fields": {
    "action_time": "2024-02-20T15:28:25.678Z",
    "user": 2,
    "content_type": 24,
    "object_id": "bdd9fe75-8c1d-4321-b058-0b9ac66aadde",
    "object_repr": "Spring",
    "action_flag": 2,
    "change_message": "[{\"changed\": {\"fields\": [\"Is active\", \"Expiration date\"]}}]"
  }
},
{
  "model": "admin.logentry",
  "pk": 160,
  "fields": {
    "action_time": "2024-02-20T15:28:56.873Z",
    "user": 2,
    "content_type": 24,
    "object_id": "bdd9fe75-8c1d-4321-b058-0b9ac66aadde",
    "object_repr": "Spring",
    "action_flag": 2,
    "change_message": "[{\"changed\": {\"fields\": [\"Specified to type\", \"Specified type\", \"Object id\"]}}]"
  }
},
{
  "model": "admin.logentry",
  "pk": 161,
  "fields": {
    "action_time": "2024-02-20T15:29:14.918Z",
    "user": 2,
    "content_type": 24,
    "object_id": "bdd9fe75-8c1d-4321-b058-0b9ac66aadde",
    "object_repr": "Spring",
    "action_flag": 2,
    "change_message": "[{\"changed\": {\"fields\": [\"Is public\"]}}]"
  }
},
{
  "model": "admin.logentry",
  "pk": 162,
  "fields": {
    "action_time": "2024-02-20T15:29:31.274Z",
    "user": 2,
    "content_type": 24,
    "object_id": "bdd9fe75-8c1d-4321-b058-0b9ac66aadde",
    "object_repr": "Spring",
    "action_flag": 2,
    "change_message": "[{\"changed\": {\"fields\": [\"Object id\"]}}]"
  }
},
{
  "model": "admin.logentry",
  "pk": 163,
  "fields": {
    "action_time": "2024-02-20T15:29:54.761Z",
    "user": 2,
    "content_type": 24,
    "object_id": "bdd9fe75-8c1d-4321-b058-0b9ac66aadde",
    "object_repr": "Spring",
    "action_flag": 2,
    "change_message": "[]"
  }
},
{
  "model": "admin.logentry",
  "pk": 164,
  "fields": {
    "action_time": "2024-02-20T15:32:59.914Z",
    "user": 2,
    "content_type": 24,
    "object_id": "bdd9fe75-8c1d-4321-b058-0b9ac66aadde",
    "object_repr": "Spring",
    "action_flag": 2,
    "change_message": "[]"
  }
},
{
  "model": "admin.logentry",
  "pk": 165,
  "fields": {
    "action_time": "2024-02-20T15:37:04.818Z",
    "user": 2,
    "content_type": 24,
    "object_id": "bdd9fe75-8c1d-4321-b058-0b9ac66aadde",
    "object_repr": "Spring",
    "action_flag": 2,
    "change_message": "[{\"changed\": {\"fields\": [\"Object id\"]}}]"
  }
},
{
  "model": "admin.logentry",
  "pk": 166,
  "fields": {
    "action_time": "2024-02-20T15:37:13.602Z",
    "user": 2,
    "content_type": 24,
    "object_id": "bdd9fe75-8c1d-4321-b058-0b9ac66aadde",
    "object_repr": "Spring",
    "action_flag": 2,
    "change_message": "[{\"changed\": {\"fields\": [\"Specified to type\"]}}]"
  }
},
{
  "model": "admin.logentry",
  "pk": 167,
  "fields": {
    "action_time": "2024-02-20T15:52:20.337Z",
    "user": 2,
    "content_type": 24,
    "object_id": "dd19bd0b-33c2-4822-85f9-710da8395381",
    "object_repr": "test",
    "action_flag": 3,
    "change_message": ""
  }
},
{
  "model": "admin.logentry",
  "pk": 168,
  "fields": {
    "action_time": "2024-02-20T15:52:20.357Z",
    "user": 2,
    "content_type": 24,
    "object_id": "2040423a-f1fa-4b05-9b2b-bc9830e77619",
    "object_repr": "test",
    "action_flag": 3,
    "change_message": ""
  }
},
{
  "model": "admin.logentry",
  "pk": 169,
  "fields": {
    "action_time": "2024-02-20T15:52:20.368Z",
    "user": 2,
    "content_type": 24,
    "object_id": "74da5688-4b79-41bc-a495-d7c5d75ae8c6",
    "object_repr": "test",
    "action_flag": 3,
    "change_message": ""
  }
},
{
  "model": "admin.logentry",
  "pk": 170,
  "fields": {
    "action_time": "2024-02-20T15:52:20.387Z",
    "user": 2,
    "content_type": 24,
    "object_id": "c80d12a2-ae85-4266-a7c2-66fad6ae953c",
    "object_repr": "test",
    "action_flag": 3,
    "change_message": ""
  }
},
{
  "model": "admin.logentry",
  "pk": 171,
  "fields": {
    "action_time": "2024-02-20T15:52:20.395Z",
    "user": 2,
    "content_type": 24,
    "object_id": "e1671dab-ac41-4ea9-a331-23deef6914c1",
    "object_repr": "test",
    "action_flag": 3,
    "change_message": ""
  }
},
{
  "model": "admin.logentry",
  "pk": 172,
  "fields": {
    "action_time": "2024-02-20T15:52:20.401Z",
    "user": 2,
    "content_type": 24,
    "object_id": "bc261e3a-0337-4be6-8156-1aacb51dd944",
    "object_repr": "test",
    "action_flag": 3,
    "change_message": ""
  }
},
{
  "model": "admin.logentry",
  "pk": 173,
  "fields": {
    "action_time": "2024-02-20T15:52:20.408Z",
    "user": 2,
    "content_type": 24,
    "object_id": "eb3a2fc3-51b9-4b43-b0b4-95c8b3b6bd99",
    "object_repr": "triple burger",
    "action_flag": 3,
    "change_message": ""
  }
},
{
  "model": "admin.logentry",
  "pk": 174,
  "fields": {
    "action_time": "2024-02-21T08:11:25.887Z",
    "user": 2,
    "content_type": 24,
    "object_id": "a4098a7b-d38a-41a7-a0dd-d15d1ce0face",
    "object_repr": "burger",
    "action_flag": 2,
    "change_message": "[{\"changed\": {\"fields\": [\"Code\"]}}]"
  }
},
{
  "model": "admin.logentry",
  "pk": 175,
  "fields": {
    "action_time": "2024-02-21T08:11:50.833Z",
    "user": 2,
    "content_type": 24,
    "object_id": "ff490f66-ad55-4c62-b576-9036d5feeb14",
    "object_repr": "aliali discount",
    "action_flag": 2,
    "change_message": "[{\"changed\": {\"fields\": [\"Object id\"]}}]"
  }
},
{
  "model": "admin.logentry",
  "pk": 176,
  "fields": {
    "action_time": "2024-02-21T08:12:06.108Z",
    "user": 2,
    "content_type": 24,
    "object_id": "ff490f66-ad55-4c62-b576-9036d5feeb14",
    "object_repr": "aliali discount",
    "action_flag": 2,
    "change_message": "[{\"changed\": {\"fields\": [\"Is public\", \"Specified to type\"]}}]"
  }
},
{
  "model": "admin.logentry",
  "pk": 177,
  "fields": {
    "action_time": "2024-02-21T09:10:12.449Z",
    "user": 2,
    "content_type": 24,
    "object_id": "ff490f66-ad55-4c62-b576-9036d5feeb14",
    "object_repr": "aliali discount",
    "action_flag": 2,
    "change_message": "[{\"changed\": {\"fields\": [\"Is public\", \"Specified to type\"]}}]"
  }
},
{
  "model": "admin.logentry",
  "pk": 178,
  "fields": {
    "action_time": "2024-02-21T09:14:16.765Z",
    "user": 2,
    "content_type": 24,
    "object_id": "ff490f66-ad55-4c62-b576-9036d5feeb14",
    "object_repr": "aliali discount",
    "action_flag": 2,
    "change_message": "[{\"changed\": {\"fields\": [\"Object id\"]}}]"
  }
},
{
  "model": "admin.logentry",
  "pk": 179,
  "fields": {
    "action_time": "2024-02-21T09:21:07.055Z",
    "user": 2,
    "content_type": 24,
    "object_id": "ff490f66-ad55-4c62-b576-9036d5feeb14",
    "object_repr": "aliali discount",
    "action_flag": 2,
    "change_message": "[{\"changed\": {\"fields\": [\"Absolute value\"]}}]"
  }
},
{
  "model": "admin.logentry",
  "pk": 180,
  "fields": {
    "action_time": "2024-02-21T09:21:12.129Z",
    "user": 2,
    "content_type": 24,
    "object_id": "ff490f66-ad55-4c62-b576-9036d5feeb14",
    "object_repr": "aliali discount",
    "action_flag": 2,
    "change_message": "[{\"changed\": {\"fields\": [\"Object id\"]}}]"
  }
},
{
  "model": "admin.logentry",
  "pk": 181,
  "fields": {
    "action_time": "2024-02-21T09:21:26.193Z",
    "user": 2,
    "content_type": 24,
    "object_id": "ff490f66-ad55-4c62-b576-9036d5feeb14",
    "object_repr": "aliali discount",
    "action_flag": 2,
    "change_message": "[{\"changed\": {\"fields\": [\"Object id\"]}}]"
  }
},
{
  "model": "admin.logentry",
  "pk": 182,
  "fields": {
    "action_time": "2024-02-21T09:22:51.859Z",
    "user": 2,
    "content_type": 24,
    "object_id": "ff490f66-ad55-4c62-b576-9036d5feeb14",
    "object_repr": "aliali discount",
    "action_flag": 2,
    "change_message": "[{\"changed\": {\"fields\": [\"Type\", \"Percentage value\"]}}]"
  }
},
{
  "model": "admin.logentry",
  "pk": 183,
  "fields": {
    "action_time": "2024-02-21T09:33:25.847Z",
    "user": 2,
    "content_type": 24,
    "object_id": "bdd9fe75-8c1d-4321-b058-0b9ac66aadde",
    "object_repr": "Spring",
    "action_flag": 2,
    "change_message": "[{\"changed\": {\"fields\": [\"Is public\", \"Type\", \"Absolute value\"]}}]"
  }
},
{
  "model": "admin.logentry",
  "pk": 184,
  "fields": {
    "action_time": "2024-02-23T15:29:04.103Z",
    "user": 2,
    "content_type": 30,
    "object_id": "ba77d0be-331f-465e-abaa-5e886bae9a66",
    "object_repr": "home",
    "action_flag": 1,
    "change_message": "[{\"added\": {}}]"
  }
},
{
  "model": "admin.logentry",
  "pk": 185,
  "fields": {
    "action_time": "2024-02-23T15:29:13.363Z",
    "user": 2,
    "content_type": 30,
    "object_id": "ba77d0be-331f-465e-abaa-5e886bae9a66",
    "object_repr": "home",
    "action_flag": 2,
    "change_message": "[{\"changed\": {\"fields\": [\"User\"]}}]"
  }
},
{
  "model": "admin.logentry",
  "pk": 186,
  "fields": {
    "action_time": "2024-02-23T16:11:20.828Z",
    "user": 2,
    "content_type": 30,
    "object_id": "aba6c89a-893d-4909-814b-acb6910864b4",
    "object_repr": "Qale",
    "action_flag": 2,
    "change_message": "[{\"changed\": {\"fields\": [\"Title\", \"Address str\"]}}]"
  }
},
{
  "model": "admin.logentry",
  "pk": 187,
  "fields": {
    "action_time": "2024-02-24T08:48:07.112Z",
    "user": 2,
    "content_type": 30,
    "object_id": "aba6c89a-893d-4909-814b-acb6910864b4",
    "object_repr": "qale",
    "action_flag": 2,
    "change_message": "[{\"changed\": {\"fields\": [\"Address str\"]}}]"
  }
},
{
  "model": "admin.logentry",
  "pk": 188,
  "fields": {
    "action_time": "2024-02-24T08:50:23.234Z",
    "user": 2,
    "content_type": 30,
    "object_id": "110e1542-9be1-4452-b8ae-dff2e16a98cd",
    "object_repr": "string",
    "action_flag": 2,
    "change_message": "[{\"changed\": {\"fields\": [\"Phone number\"]}}]"
  }
},
{
  "model": "admin.logentry",
  "pk": 189,
  "fields": {
    "action_time": "2024-02-24T09:07:57.106Z",
    "user": 2,
    "content_type": 24,
    "object_id": "ff490f66-ad55-4c62-b576-9036d5feeb14",
    "object_repr": "aliali discount",
    "action_flag": 2,
    "change_message": "[{\"changed\": {\"fields\": [\"Object id\"]}}]"
  }
},
{
  "model": "admin.logentry",
  "pk": 190,
  "fields": {
    "action_time": "2024-02-24T09:08:55.419Z",
    "user": 2,
    "content_type": 24,
    "object_id": "ff490f66-ad55-4c62-b576-9036d5feeb14",
    "object_repr": "aliali discount",
    "action_flag": 2,
    "change_message": "[{\"changed\": {\"fields\": [\"Object id\"]}}]"
  }
},
{
  "model": "admin.logentry",
  "pk": 191,
  "fields": {
    "action_time": "2024-02-24T13:49:45.251Z",
    "user": 2,
    "content_type": 19,
    "object_id": "e614f7e6-9f34-4665-904c-d3a840f1e2b6",
    "object_repr": "Food object (e614f7e6-9f34-4665-904c-d3a840f1e2b6)",
    "action_flag": 2,
    "change_message": "[{\"changed\": {\"fields\": [\"Is active\"]}}]"
  }
},
{
  "model": "admin.logentry",
  "pk": 192,
  "fields": {
    "action_time": "2024-02-24T13:50:02.450Z",
    "user": 2,
    "content_type": 19,
    "object_id": "e614f7e6-9f34-4665-904c-d3a840f1e2b6",
    "object_repr": "Food object (e614f7e6-9f34-4665-904c-d3a840f1e2b6)",
    "action_flag": 2,
    "change_message": "[{\"changed\": {\"fields\": [\"Is active\"]}}]"
  }
},
{
  "model": "admin.logentry",
  "pk": 193,
  "fields": {
    "action_time": "2024-02-24T15:48:06.422Z",
    "user": 2,
    "content_type": 32,
    "object_id": "efbc12b8-ee26-48a7-9df4-dbf9da805959",
    "object_repr": "'ali' for 'Mac Double cheese' on 2024-02-24 15:48:06.420619+00:00",
    "action_flag": 1,
    "change_message": "[{\"added\": {}}]"
  }
},
{
  "model": "admin.logentry",
  "pk": 194,
  "fields": {
    "action_time": "2024-02-24T15:56:22.612Z",
    "user": 2,
    "content_type": 32,
    "object_id": "6d42d265-fadc-441a-83a4-42305811cb7d",
    "object_repr": "'jalilam' for 'Mac Double cheese' on 2024-02-24 15:56:22.611348+00:00",
    "action_flag": 1,
    "change_message": "[{\"added\": {}}]"
  }
},
{
  "model": "admin.logentry",
  "pk": 195,
  "fields": {
    "action_time": "2024-02-28T14:43:26.529Z",
    "user": 2,
    "content_type": 19,
    "object_id": "e614f7e6-9f34-4665-904c-d3a840f1e2b6",
    "object_repr": "very simple burger",
    "action_flag": 2,
    "change_message": "[]"
  }
},
{
  "model": "admin.logentry",
  "pk": 196,
  "fields": {
    "action_time": "2024-02-28T14:44:23.252Z",
    "user": 2,
    "content_type": 19,
    "object_id": "e614f7e6-9f34-4665-904c-d3a840f1e2b6",
    "object_repr": "very simple burger",
    "action_flag": 2,
    "change_message": "[{\"changed\": {\"fields\": [\"Auto check availability\"]}}]"
  }
},
{
  "model": "admin.logentry",
  "pk": 197,
  "fields": {
    "action_time": "2024-02-28T14:47:54.136Z",
    "user": 2,
    "content_type": 17,
    "object_id": "501425fb-8eca-4572-87f5-b924d58d78a9",
    "object_repr": "ground beef burger",
    "action_flag": 2,
    "change_message": "[{\"changed\": {\"fields\": [\"Stock limit\", \"Auto check availability\"]}}]"
  }
},
{
  "model": "admin.logentry",
  "pk": 198,
  "fields": {
    "action_time": "2024-02-28T14:48:11.089Z",
    "user": 2,
    "content_type": 17,
    "object_id": "501425fb-8eca-4572-87f5-b924d58d78a9",
    "object_repr": "ground beef burger",
    "action_flag": 2,
    "change_message": "[{\"changed\": {\"fields\": [\"Remaining units\"]}}]"
  }
},
{
  "model": "admin.logentry",
  "pk": 199,
  "fields": {
    "action_time": "2024-02-28T14:48:29.043Z",
    "user": 2,
    "content_type": 17,
    "object_id": "501425fb-8eca-4572-87f5-b924d58d78a9",
    "object_repr": "ground beef burger",
    "action_flag": 2,
    "change_message": "[{\"changed\": {\"fields\": [\"Remaining units\"]}}]"
  }
},
{
  "model": "admin.logentry",
  "pk": 200,
  "fields": {
    "action_time": "2024-02-28T14:49:06.144Z",
    "user": 2,
    "content_type": 17,
    "object_id": "501425fb-8eca-4572-87f5-b924d58d78a9",
    "object_repr": "ground beef burger",
    "action_flag": 2,
    "change_message": "[{\"changed\": {\"fields\": [\"Remaining units\"]}}]"
  }
},
{
  "model": "admin.logentry",
  "pk": 201,
  "fields": {
    "action_time": "2024-02-28T14:52:46.247Z",
    "user": 2,
    "content_type": 17,
    "object_id": "501425fb-8eca-4572-87f5-b924d58d78a9",
    "object_repr": "ground beef burger",
    "action_flag": 2,
    "change_message": "[{\"changed\": {\"fields\": [\"Remaining units\"]}}]"
  }
},
{
  "model": "admin.logentry",
  "pk": 202,
  "fields": {
    "action_time": "2024-02-28T14:52:49.814Z",
    "user": 2,
    "content_type": 17,
    "object_id": "501425fb-8eca-4572-87f5-b924d58d78a9",
    "object_repr": "ground beef burger",
    "action_flag": 2,
    "change_message": "[{\"changed\": {\"fields\": [\"Remaining units\"]}}]"
  }
},
{
  "model": "admin.logentry",
  "pk": 203,
  "fields": {
    "action_time": "2024-02-28T14:53:37.885Z",
    "user": 2,
    "content_type": 17,
    "object_id": "501425fb-8eca-4572-87f5-b924d58d78a9",
    "object_repr": "ground beef burger",
    "action_flag": 2,
    "change_message": "[{\"changed\": {\"fields\": [\"Remaining units\"]}}]"
  }
},
{
  "model": "admin.logentry",
  "pk": 204,
  "fields": {
    "action_time": "2024-02-28T14:53:50.343Z",
    "user": 2,
    "content_type": 17,
    "object_id": "501425fb-8eca-4572-87f5-b924d58d78a9",
    "object_repr": "ground beef burger",
    "action_flag": 2,
    "change_message": "[{\"changed\": {\"fields\": [\"Remaining units\"]}}]"
  }
},
{
  "model": "admin.logentry",
  "pk": 205,
  "fields": {
    "action_time": "2024-02-28T14:55:12.045Z",
    "user": 2,
    "content_type": 17,
    "object_id": "501425fb-8eca-4572-87f5-b924d58d78a9",
    "object_repr": "ground beef burger",
    "action_flag": 2,
    "change_message": "[{\"changed\": {\"fields\": [\"Remaining units\"]}}]"
  }
},
{
  "model": "admin.logentry",
  "pk": 206,
  "fields": {
    "action_time": "2024-02-28T14:55:20.314Z",
    "user": 2,
    "content_type": 17,
    "object_id": "501425fb-8eca-4572-87f5-b924d58d78a9",
    "object_repr": "ground beef burger",
    "action_flag": 2,
    "change_message": "[{\"changed\": {\"fields\": [\"Remaining units\"]}}]"
  }
},
{
  "model": "admin.logentry",
  "pk": 207,
  "fields": {
    "action_time": "2024-02-28T14:56:05.599Z",
    "user": 2,
    "content_type": 17,
    "object_id": "501425fb-8eca-4572-87f5-b924d58d78a9",
    "object_repr": "ground beef burger",
    "action_flag": 2,
    "change_message": "[{\"changed\": {\"fields\": [\"Remaining units\"]}}]"
  }
},
{
  "model": "admin.logentry",
  "pk": 208,
  "fields": {
    "action_time": "2024-02-28T14:56:10.454Z",
    "user": 2,
    "content_type": 17,
    "object_id": "501425fb-8eca-4572-87f5-b924d58d78a9",
    "object_repr": "ground beef burger",
    "action_flag": 2,
    "change_message": "[{\"changed\": {\"fields\": [\"Remaining units\"]}}]"
  }
},
{
  "model": "admin.logentry",
  "pk": 209,
  "fields": {
    "action_time": "2024-02-28T14:56:14.995Z",
    "user": 2,
    "content_type": 17,
    "object_id": "501425fb-8eca-4572-87f5-b924d58d78a9",
    "object_repr": "ground beef burger",
    "action_flag": 2,
    "change_message": "[{\"changed\": {\"fields\": [\"Remaining units\"]}}]"
  }
},
{
  "model": "admin.logentry",
  "pk": 210,
  "fields": {
    "action_time": "2024-02-28T15:12:14.791Z",
    "user": 2,
    "content_type": 17,
    "object_id": "501425fb-8eca-4572-87f5-b924d58d78a9",
    "object_repr": "ground beef burger",
    "action_flag": 2,
    "change_message": "[{\"changed\": {\"fields\": [\"Remaining units\"]}}]"
  }
},
{
  "model": "admin.logentry",
  "pk": 211,
  "fields": {
    "action_time": "2024-02-28T15:14:01.867Z",
    "user": 2,
    "content_type": 17,
    "object_id": "501425fb-8eca-4572-87f5-b924d58d78a9",
    "object_repr": "ground beef burger",
    "action_flag": 2,
    "change_message": "[{\"changed\": {\"fields\": [\"Remaining units\"]}}]"
  }
},
{
  "model": "admin.logentry",
  "pk": 212,
  "fields": {
    "action_time": "2024-02-29T09:30:25.758Z",
    "user": 2,
    "content_type": 32,
    "object_id": "efbc12b8-ee26-48a7-9df4-dbf9da805959",
    "object_repr": "'ali' for 'Mac Double cheese' on 2024-02-24 15:48:06.420619+00:00",
    "action_flag": 2,
    "change_message": "[{\"changed\": {\"fields\": [\"Is confirmed\"]}}]"
  }
},
{
  "model": "admin.logentry",
  "pk": 213,
  "fields": {
    "action_time": "2024-02-29T09:30:29.526Z",
    "user": 2,
    "content_type": 32,
    "object_id": "6d42d265-fadc-441a-83a4-42305811cb7d",
    "object_repr": "'jalilam' for 'Mac Double cheese' on 2024-02-24 15:56:22.611348+00:00",
    "action_flag": 2,
    "change_message": "[{\"changed\": {\"fields\": [\"Is confirmed\"]}}]"
  }
},
{
  "model": "admin.logentry",
  "pk": 214,
  "fields": {
    "action_time": "2024-02-29T09:31:10.134Z",
    "user": 2,
    "content_type": 32,
    "object_id": "e0226f43-e0ea-4e39-9780-720b505f5369",
    "object_repr": "'string' for 'Mac Double cheese' on 2024-02-29 09:30:32.109323+00:00",
    "action_flag": 3,
    "change_message": ""
  }
},
{
  "model": "admin.logentry",
  "pk": 215,
  "fields": {
    "action_time": "2024-02-29T09:31:18.019Z",
    "user": 2,
    "content_type": 32,
    "object_id": "50ffacbf-5f49-471f-9fd8-512729fb8dc9",
    "object_repr": "'string' for 'very simple burger' on 2024-02-29 09:29:38.016885+00:00",
    "action_flag": 2,
    "change_message": "[{\"changed\": {\"fields\": [\"Food\"]}}]"
  }
},
{
  "model": "admin.logentry",
  "pk": 216,
  "fields": {
    "action_time": "2024-02-29T09:31:20.933Z",
    "user": 2,
    "content_type": 32,
    "object_id": "50ffacbf-5f49-471f-9fd8-512729fb8dc9",
    "object_repr": "'string' for 'very simple burger' on 2024-02-29 09:29:38.016885+00:00",
    "action_flag": 2,
    "change_message": "[{\"changed\": {\"fields\": [\"Is confirmed\"]}}]"
  }
},
{
  "model": "admin.logentry",
  "pk": 217,
  "fields": {
    "action_time": "2024-02-29T09:39:12.328Z",
    "user": 2,
    "content_type": 19,
    "object_id": "9d3a8b74-dd34-4539-862b-432fbc0465cd",
    "object_repr": "Mac Double cheese",
    "action_flag": 2,
    "change_message": "[{\"changed\": {\"fields\": [\"Is public\"]}}]"
  }
},
{
  "model": "admin.logentry",
  "pk": 218,
  "fields": {
    "action_time": "2024-02-29T09:39:37.840Z",
    "user": 2,
    "content_type": 19,
    "object_id": "9d3a8b74-dd34-4539-862b-432fbc0465cd",
    "object_repr": "Mac Double cheese",
    "action_flag": 2,
    "change_message": "[{\"changed\": {\"fields\": [\"Is public\"]}}]"
  }
},
{
  "model": "admin.logentry",
  "pk": 219,
  "fields": {
    "action_time": "2024-02-29T11:09:14.997Z",
    "user": 2,
    "content_type": 32,
    "object_id": "28ceee1c-1cee-4242-8a05-b83f659b88c6",
    "object_repr": "'string' for 'Mac Double cheese' on 2024-02-29 09:31:24.396429+00:00",
    "action_flag": 2,
    "change_message": "[{\"changed\": {\"fields\": [\"Is confirmed\"]}}]"
  }
},
{
  "model": "admin.logentry",
  "pk": 220,
  "fields": {
    "action_time": "2024-02-29T11:10:01.962Z",
    "user": 2,
    "content_type": 32,
    "object_id": "54b6a6a3-0d3a-4c04-8f5d-dcf1349e879e",
    "object_repr": "'string' for 'Mac Double cheese' on 2024-02-29 09:39:39.443223+00:00",
    "action_flag": 2,
    "change_message": "[{\"changed\": {\"fields\": [\"Is confirmed\"]}}]"
  }
},
{
  "model": "admin.logentry",
  "pk": 221,
  "fields": {
    "action_time": "2024-03-01T07:39:00.281Z",
    "user": 2,
    "content_type": 32,
    "object_id": "54b6a6a3-0d3a-4c04-8f5d-dcf1349e879e",
    "object_repr": "'string' for 'Mac Double cheese' on 2024-02-29 09:39:39.443223+00:00",
    "action_flag": 2,
    "change_message": "[{\"changed\": {\"fields\": [\"Is confirmed\"]}}]"
  }
},
{
  "model": "admin.logentry",
  "pk": 222,
  "fields": {
    "action_time": "2024-03-01T08:00:06.213Z",
    "user": 2,
    "content_type": 19,
    "object_id": "9d3a8b74-dd34-4539-862b-432fbc0465cd",
    "object_repr": "Mac Double cheese",
    "action_flag": 2,
    "change_message": "[{\"changed\": {\"fields\": [\"Is confirmed\"]}}]"
  }
},
{
  "model": "admin.logentry",
  "pk": 223,
  "fields": {
    "action_time": "2024-03-01T08:46:53.690Z",
    "user": 2,
    "content_type": 32,
    "object_id": "1e000f5e-ee82-4a81-b3ef-45ca325b3281",
    "object_repr": "'staff' for 'Mac Double cheese' on 2024-03-01 08:46:53.687828+00:00",
    "action_flag": 1,
    "change_message": "[{\"added\": {}}]"
  }
},
{
  "model": "admin.logentry",
  "pk": 224,
  "fields": {
    "action_time": "2024-03-01T08:57:36.114Z",
    "user": 2,
    "content_type": 32,
    "object_id": "1e000f5e-ee82-4a81-b3ef-45ca325b3281",
    "object_repr": "staff for 'Mac Double cheese' on 2024-03-01 08:46:53.687828+00:00",
    "action_flag": 3,
    "change_message": ""
  }
},
{
  "model": "admin.logentry",
  "pk": 225,
  "fields": {
    "action_time": "2024-03-01T09:00:45.980Z",
    "user": 2,
    "content_type": 32,
    "object_id": "8faeba68-95ea-4e2e-ab9c-23bc754822fa",
    "object_repr": "staff for 'kindda supers burger' on 2024-03-01 08:58:33.250553+00:00",
    "action_flag": 3,
    "change_message": ""
  }
},
{
  "model": "admin.logentry",
  "pk": 226,
  "fields": {
    "action_time": "2024-03-01T09:01:03.398Z",
    "user": 2,
    "content_type": 32,
    "object_id": "dd850960-3873-464c-b497-93d9037e9392",
    "object_repr": "staff for 'kindda supers burger' on 2024-03-01 09:00:52.295434+00:00",
    "action_flag": 3,
    "change_message": ""
  }
},
{
  "model": "admin.logentry",
  "pk": 227,
  "fields": {
    "action_time": "2024-03-02T13:58:17.832Z",
    "user": 2,
    "content_type": 32,
    "object_id": "54b6a6a3-0d3a-4c04-8f5d-dcf1349e879e",
    "object_repr": "'string' for 'Mac Double cheese' on 2024-02-29 09:39:39.443223+00:00",
    "action_flag": 2,
    "change_message": "[{\"changed\": {\"fields\": [\"Is confirmed\"]}}]"
  }
},
{
  "model": "admin.logentry",
  "pk": 228,
  "fields": {
    "action_time": "2024-03-02T13:58:40.309Z",
    "user": 2,
    "content_type": 32,
    "object_id": "6d42d265-fadc-441a-83a4-42305811cb7d",
    "object_repr": "'jalilam' for 'Mac Double cheese' on 2024-02-24 15:56:22.611348+00:00",
    "action_flag": 2,
    "change_message": "[{\"changed\": {\"fields\": [\"Parent\"]}}]"
  }
},
{
  "model": "admin.logentry",
  "pk": 229,
  "fields": {
    "action_time": "2024-03-06T13:19:08.883Z",
    "user": 2,
    "content_type": 15,
    "object_id": "12",
    "object_repr": "adelne0223@gmail.com",
    "action_flag": 3,
    "change_message": ""
  }
},
{
  "model": "admin.logentry",
  "pk": 230,
  "fields": {
    "action_time": "2024-03-06T17:25:19.498Z",
    "user": 2,
    "content_type": 33,
    "object_id": "1",
    "object_repr": "local_host",
    "action_flag": 2,
    "change_message": "[{\"changed\": {\"fields\": [\"Domain name\", \"Display name\"]}}]"
  }
},
{
  "model": "admin.logentry",
  "pk": 231,
  "fields": {
    "action_time": "2024-03-06T17:25:34.679Z",
    "user": 2,
    "content_type": 33,
    "object_id": "1",
    "object_repr": "127.0.0.1:8000",
    "action_flag": 2,
    "change_message": "[{\"changed\": {\"fields\": [\"Domain name\", \"Display name\"]}}]"
  }
},
{
  "model": "admin.logentry",
  "pk": 232,
  "fields": {
    "action_time": "2024-03-08T15:53:45.351Z",
    "user": 2,
    "content_type": 19,
    "object_id": "c2243b4e-3026-4d47-a688-18c43d15a3fb",
    "object_repr": "triple burger.png",
    "action_flag": 2,
    "change_message": "[{\"changed\": {\"fields\": [\"Tags\"]}}]"
  }
},
{
  "model": "admin.logentry",
  "pk": 233,
  "fields": {
    "action_time": "2024-03-08T15:57:57.391Z",
    "user": 2,
    "content_type": 34,
    "object_id": "7",
    "object_repr": "burger",
    "action_flag": 3,
    "change_message": ""
  }
},
{
  "model": "admin.logentry",
  "pk": 234,
  "fields": {
    "action_time": "2024-03-08T15:57:57.396Z",
    "user": 2,
    "content_type": 34,
    "object_id": "8",
    "object_repr": "meat",
    "action_flag": 3,
    "change_message": ""
  }
},
{
  "model": "admin.logentry",
  "pk": 235,
  "fields": {
    "action_time": "2024-03-08T16:23:36.591Z",
    "user": 2,
    "content_type": 19,
    "object_id": "9ee778f2-a94b-4ade-bc2e-53cd8511a214",
    "object_repr": "Norooz burger",
    "action_flag": 3,
    "change_message": ""
  }
},
{
  "model": "admin.logentry",
  "pk": 236,
  "fields": {
    "action_time": "2024-03-09T06:10:51.663Z",
    "user": 2,
    "content_type": 19,
    "object_id": "edbb01ef-f4b4-4f2f-9229-9915f65f36ba",
    "object_repr": "Norooz burger",
    "action_flag": 2,
    "change_message": "[{\"changed\": {\"fields\": [\"Is confirmed\"]}}]"
  }
},
{
  "model": "admin.logentry",
  "pk": 237,
  "fields": {
    "action_time": "2024-03-09T06:15:51.313Z",
    "user": 2,
    "content_type": 19,
    "object_id": "edbb01ef-f4b4-4f2f-9229-9915f65f36ba",
    "object_repr": "Norooz burger",
    "action_flag": 2,
    "change_message": "[{\"changed\": {\"fields\": [\"Tags\"]}}]"
  }
},
{
  "model": "admin.logentry",
  "pk": 238,
  "fields": {
    "action_time": "2024-03-09T06:17:57.413Z",
    "user": 2,
    "content_type": 19,
    "object_id": "edbb01ef-f4b4-4f2f-9229-9915f65f36ba",
    "object_repr": "Christmas burger",
    "action_flag": 2,
    "change_message": "[{\"changed\": {\"fields\": [\"Image url\", \"Image alt text\", \"Name\", \"Description\", \"Tags\"]}}]"
  }
},
{
  "model": "admin.logentry",
  "pk": 239,
  "fields": {
    "action_time": "2024-03-09T08:00:55.370Z",
    "user": 2,
    "content_type": 20,
    "object_id": "89808188-1484-4b64-be2f-05c10cae2d47",
    "object_repr": "burger3",
    "action_flag": 2,
    "change_message": "[{\"changed\": {\"fields\": [\"Is customizable\"]}}]"
  }
},
{
  "model": "admin.logentry",
  "pk": 240,
  "fields": {
    "action_time": "2024-03-09T08:03:32.273Z",
    "user": 2,
    "content_type": 20,
    "object_id": "3f44e31e-0db0-4b65-aa45-78f46df51baa",
    "object_repr": "burger",
    "action_flag": 2,
    "change_message": "[{\"changed\": {\"fields\": [\"Is customizable\"]}}]"
  }
},
{
  "model": "admin.logentry",
  "pk": 241,
  "fields": {
    "action_time": "2024-03-09T08:03:44.196Z",
    "user": 2,
    "content_type": 19,
    "object_id": "d64970ad-67cd-4569-bfc5-d0fa581213d5",
    "object_repr": "great burger",
    "action_flag": 3,
    "change_message": ""
  }
},
{
  "model": "admin.logentry",
  "pk": 242,
  "fields": {
    "action_time": "2024-03-09T08:04:37.822Z",
    "user": 2,
    "content_type": 19,
    "object_id": "c37cae5f-1e85-49e6-bce0-ff2f10728c89",
    "object_repr": "great burger",
    "action_flag": 3,
    "change_message": ""
  }
},
{
  "model": "admin.logentry",
  "pk": 243,
  "fields": {
    "action_time": "2024-03-09T08:17:14.018Z",
    "user": 2,
    "content_type": 34,
    "object_id": "13",
    "object_repr": "Eyd",
    "action_flag": 3,
    "change_message": ""
  }
},
{
  "model": "admin.logentry",
  "pk": 244,
  "fields": {
    "action_time": "2024-03-09T08:17:14.021Z",
    "user": 2,
    "content_type": 34,
    "object_id": "12",
    "object_repr": "Norooz",
    "action_flag": 3,
    "change_message": ""
  }
},
{
  "model": "admin.logentry",
  "pk": 245,
  "fields": {
    "action_time": "2024-03-09T08:17:14.023Z",
    "user": 2,
    "content_type": 34,
    "object_id": "9",
    "object_repr": "Norooz burger",
    "action_flag": 3,
    "change_message": ""
  }
},
{
  "model": "auth.permission",
  "pk": 1,
  "fields": {
    "name": "Can add log entry",
    "content_type": 1,
    "codename": "add_logentry"
  }
},
{
  "model": "auth.permission",
  "pk": 2,
  "fields": {
    "name": "Can change log entry",
    "content_type": 1,
    "codename": "change_logentry"
  }
},
{
  "model": "auth.permission",
  "pk": 3,
  "fields": {
    "name": "Can delete log entry",
    "content_type": 1,
    "codename": "delete_logentry"
  }
},
{
  "model": "auth.permission",
  "pk": 4,
  "fields": {
    "name": "Can view log entry",
    "content_type": 1,
    "codename": "view_logentry"
  }
},
{
  "model": "auth.permission",
  "pk": 5,
  "fields": {
    "name": "Can add permission",
    "content_type": 2,
    "codename": "add_permission"
  }
},
{
  "model": "auth.permission",
  "pk": 6,
  "fields": {
    "name": "Can change permission",
    "content_type": 2,
    "codename": "change_permission"
  }
},
{
  "model": "auth.permission",
  "pk": 7,
  "fields": {
    "name": "Can delete permission",
    "content_type": 2,
    "codename": "delete_permission"
  }
},
{
  "model": "auth.permission",
  "pk": 8,
  "fields": {
    "name": "Can view permission",
    "content_type": 2,
    "codename": "view_permission"
  }
},
{
  "model": "auth.permission",
  "pk": 9,
  "fields": {
    "name": "Can add group",
    "content_type": 3,
    "codename": "add_group"
  }
},
{
  "model": "auth.permission",
  "pk": 10,
  "fields": {
    "name": "Can change group",
    "content_type": 3,
    "codename": "change_group"
  }
},
{
  "model": "auth.permission",
  "pk": 11,
  "fields": {
    "name": "Can delete group",
    "content_type": 3,
    "codename": "delete_group"
  }
},
{
  "model": "auth.permission",
  "pk": 12,
  "fields": {
    "name": "Can view group",
    "content_type": 3,
    "codename": "view_group"
  }
},
{
  "model": "auth.permission",
  "pk": 13,
  "fields": {
    "name": "Can add content type",
    "content_type": 4,
    "codename": "add_contenttype"
  }
},
{
  "model": "auth.permission",
  "pk": 14,
  "fields": {
    "name": "Can change content type",
    "content_type": 4,
    "codename": "change_contenttype"
  }
},
{
  "model": "auth.permission",
  "pk": 15,
  "fields": {
    "name": "Can delete content type",
    "content_type": 4,
    "codename": "delete_contenttype"
  }
},
{
  "model": "auth.permission",
  "pk": 16,
  "fields": {
    "name": "Can view content type",
    "content_type": 4,
    "codename": "view_contenttype"
  }
},
{
  "model": "auth.permission",
  "pk": 17,
  "fields": {
    "name": "Can add session",
    "content_type": 5,
    "codename": "add_session"
  }
},
{
  "model": "auth.permission",
  "pk": 18,
  "fields": {
    "name": "Can change session",
    "content_type": 5,
    "codename": "change_session"
  }
},
{
  "model": "auth.permission",
  "pk": 19,
  "fields": {
    "name": "Can delete session",
    "content_type": 5,
    "codename": "delete_session"
  }
},
{
  "model": "auth.permission",
  "pk": 20,
  "fields": {
    "name": "Can view session",
    "content_type": 5,
    "codename": "view_session"
  }
},
{
  "model": "auth.permission",
  "pk": 21,
  "fields": {
    "name": "Can add task result",
    "content_type": 6,
    "codename": "add_taskresult"
  }
},
{
  "model": "auth.permission",
  "pk": 22,
  "fields": {
    "name": "Can change task result",
    "content_type": 6,
    "codename": "change_taskresult"
  }
},
{
  "model": "auth.permission",
  "pk": 23,
  "fields": {
    "name": "Can delete task result",
    "content_type": 6,
    "codename": "delete_taskresult"
  }
},
{
  "model": "auth.permission",
  "pk": 24,
  "fields": {
    "name": "Can view task result",
    "content_type": 6,
    "codename": "view_taskresult"
  }
},
{
  "model": "auth.permission",
  "pk": 25,
  "fields": {
    "name": "Can add chord counter",
    "content_type": 7,
    "codename": "add_chordcounter"
  }
},
{
  "model": "auth.permission",
  "pk": 26,
  "fields": {
    "name": "Can change chord counter",
    "content_type": 7,
    "codename": "change_chordcounter"
  }
},
{
  "model": "auth.permission",
  "pk": 27,
  "fields": {
    "name": "Can delete chord counter",
    "content_type": 7,
    "codename": "delete_chordcounter"
  }
},
{
  "model": "auth.permission",
  "pk": 28,
  "fields": {
    "name": "Can view chord counter",
    "content_type": 7,
    "codename": "view_chordcounter"
  }
},
{
  "model": "auth.permission",
  "pk": 29,
  "fields": {
    "name": "Can add group result",
    "content_type": 8,
    "codename": "add_groupresult"
  }
},
{
  "model": "auth.permission",
  "pk": 30,
  "fields": {
    "name": "Can change group result",
    "content_type": 8,
    "codename": "change_groupresult"
  }
},
{
  "model": "auth.permission",
  "pk": 31,
  "fields": {
    "name": "Can delete group result",
    "content_type": 8,
    "codename": "delete_groupresult"
  }
},
{
  "model": "auth.permission",
  "pk": 32,
  "fields": {
    "name": "Can view group result",
    "content_type": 8,
    "codename": "view_groupresult"
  }
},
{
  "model": "auth.permission",
  "pk": 33,
  "fields": {
    "name": "Can add crontab",
    "content_type": 9,
    "codename": "add_crontabschedule"
  }
},
{
  "model": "auth.permission",
  "pk": 34,
  "fields": {
    "name": "Can change crontab",
    "content_type": 9,
    "codename": "change_crontabschedule"
  }
},
{
  "model": "auth.permission",
  "pk": 35,
  "fields": {
    "name": "Can delete crontab",
    "content_type": 9,
    "codename": "delete_crontabschedule"
  }
},
{
  "model": "auth.permission",
  "pk": 36,
  "fields": {
    "name": "Can view crontab",
    "content_type": 9,
    "codename": "view_crontabschedule"
  }
},
{
  "model": "auth.permission",
  "pk": 37,
  "fields": {
    "name": "Can add interval",
    "content_type": 10,
    "codename": "add_intervalschedule"
  }
},
{
  "model": "auth.permission",
  "pk": 38,
  "fields": {
    "name": "Can change interval",
    "content_type": 10,
    "codename": "change_intervalschedule"
  }
},
{
  "model": "auth.permission",
  "pk": 39,
  "fields": {
    "name": "Can delete interval",
    "content_type": 10,
    "codename": "delete_intervalschedule"
  }
},
{
  "model": "auth.permission",
  "pk": 40,
  "fields": {
    "name": "Can view interval",
    "content_type": 10,
    "codename": "view_intervalschedule"
  }
},
{
  "model": "auth.permission",
  "pk": 41,
  "fields": {
    "name": "Can add periodic task",
    "content_type": 11,
    "codename": "add_periodictask"
  }
},
{
  "model": "auth.permission",
  "pk": 42,
  "fields": {
    "name": "Can change periodic task",
    "content_type": 11,
    "codename": "change_periodictask"
  }
},
{
  "model": "auth.permission",
  "pk": 43,
  "fields": {
    "name": "Can delete periodic task",
    "content_type": 11,
    "codename": "delete_periodictask"
  }
},
{
  "model": "auth.permission",
  "pk": 44,
  "fields": {
    "name": "Can view periodic task",
    "content_type": 11,
    "codename": "view_periodictask"
  }
},
{
  "model": "auth.permission",
  "pk": 45,
  "fields": {
    "name": "Can add periodic tasks",
    "content_type": 12,
    "codename": "add_periodictasks"
  }
},
{
  "model": "auth.permission",
  "pk": 46,
  "fields": {
    "name": "Can change periodic tasks",
    "content_type": 12,
    "codename": "change_periodictasks"
  }
},
{
  "model": "auth.permission",
  "pk": 47,
  "fields": {
    "name": "Can delete periodic tasks",
    "content_type": 12,
    "codename": "delete_periodictasks"
  }
},
{
  "model": "auth.permission",
  "pk": 48,
  "fields": {
    "name": "Can view periodic tasks",
    "content_type": 12,
    "codename": "view_periodictasks"
  }
},
{
  "model": "auth.permission",
  "pk": 49,
  "fields": {
    "name": "Can add solar event",
    "content_type": 13,
    "codename": "add_solarschedule"
  }
},
{
  "model": "auth.permission",
  "pk": 50,
  "fields": {
    "name": "Can change solar event",
    "content_type": 13,
    "codename": "change_solarschedule"
  }
},
{
  "model": "auth.permission",
  "pk": 51,
  "fields": {
    "name": "Can delete solar event",
    "content_type": 13,
    "codename": "delete_solarschedule"
  }
},
{
  "model": "auth.permission",
  "pk": 52,
  "fields": {
    "name": "Can view solar event",
    "content_type": 13,
    "codename": "view_solarschedule"
  }
},
{
  "model": "auth.permission",
  "pk": 53,
  "fields": {
    "name": "Can add clocked",
    "content_type": 14,
    "codename": "add_clockedschedule"
  }
},
{
  "model": "auth.permission",
  "pk": 54,
  "fields": {
    "name": "Can change clocked",
    "content_type": 14,
    "codename": "change_clockedschedule"
  }
},
{
  "model": "auth.permission",
  "pk": 55,
  "fields": {
    "name": "Can delete clocked",
    "content_type": 14,
    "codename": "delete_clockedschedule"
  }
},
{
  "model": "auth.permission",
  "pk": 56,
  "fields": {
    "name": "Can view clocked",
    "content_type": 14,
    "codename": "view_clockedschedule"
  }
},
{
  "model": "auth.permission",
  "pk": 57,
  "fields": {
    "name": "Can add base user",
    "content_type": 15,
    "codename": "add_baseuser"
  }
},
{
  "model": "auth.permission",
  "pk": 58,
  "fields": {
    "name": "Can change base user",
    "content_type": 15,
    "codename": "change_baseuser"
  }
},
{
  "model": "auth.permission",
  "pk": 59,
  "fields": {
    "name": "Can delete base user",
    "content_type": 15,
    "codename": "delete_baseuser"
  }
},
{
  "model": "auth.permission",
  "pk": 60,
  "fields": {
    "name": "Can view base user",
    "content_type": 15,
    "codename": "view_baseuser"
  }
},
{
  "model": "auth.permission",
  "pk": 61,
  "fields": {
    "name": "Can add profile",
    "content_type": 16,
    "codename": "add_profile"
  }
},
{
  "model": "auth.permission",
  "pk": 62,
  "fields": {
    "name": "Can change profile",
    "content_type": 16,
    "codename": "change_profile"
  }
},
{
  "model": "auth.permission",
  "pk": 63,
  "fields": {
    "name": "Can delete profile",
    "content_type": 16,
    "codename": "delete_profile"
  }
},
{
  "model": "auth.permission",
  "pk": 64,
  "fields": {
    "name": "Can view profile",
    "content_type": 16,
    "codename": "view_profile"
  }
},
{
  "model": "auth.permission",
  "pk": 65,
  "fields": {
    "name": "Can add ingredient",
    "content_type": 17,
    "codename": "add_ingredient"
  }
},
{
  "model": "auth.permission",
  "pk": 66,
  "fields": {
    "name": "Can change ingredient",
    "content_type": 17,
    "codename": "change_ingredient"
  }
},
{
  "model": "auth.permission",
  "pk": 67,
  "fields": {
    "name": "Can delete ingredient",
    "content_type": 17,
    "codename": "delete_ingredient"
  }
},
{
  "model": "auth.permission",
  "pk": 68,
  "fields": {
    "name": "Can view ingredient",
    "content_type": 17,
    "codename": "view_ingredient"
  }
},
{
  "model": "auth.permission",
  "pk": 69,
  "fields": {
    "name": "Can add Ingredient Category",
    "content_type": 18,
    "codename": "add_ingredientcategory"
  }
},
{
  "model": "auth.permission",
  "pk": 70,
  "fields": {
    "name": "Can change Ingredient Category",
    "content_type": 18,
    "codename": "change_ingredientcategory"
  }
},
{
  "model": "auth.permission",
  "pk": 71,
  "fields": {
    "name": "Can delete Ingredient Category",
    "content_type": 18,
    "codename": "delete_ingredientcategory"
  }
},
{
  "model": "auth.permission",
  "pk": 72,
  "fields": {
    "name": "Can view Ingredient Category",
    "content_type": 18,
    "codename": "view_ingredientcategory"
  }
},
{
  "model": "auth.permission",
  "pk": 73,
  "fields": {
    "name": "Can add food",
    "content_type": 19,
    "codename": "add_food"
  }
},
{
  "model": "auth.permission",
  "pk": 74,
  "fields": {
    "name": "Can change food",
    "content_type": 19,
    "codename": "change_food"
  }
},
{
  "model": "auth.permission",
  "pk": 75,
  "fields": {
    "name": "Can delete food",
    "content_type": 19,
    "codename": "delete_food"
  }
},
{
  "model": "auth.permission",
  "pk": 76,
  "fields": {
    "name": "Can view food",
    "content_type": 19,
    "codename": "view_food"
  }
},
{
  "model": "auth.permission",
  "pk": 77,
  "fields": {
    "name": "Can add Food Category",
    "content_type": 20,
    "codename": "add_foodcategory"
  }
},
{
  "model": "auth.permission",
  "pk": 78,
  "fields": {
    "name": "Can change Food Category",
    "content_type": 20,
    "codename": "change_foodcategory"
  }
},
{
  "model": "auth.permission",
  "pk": 79,
  "fields": {
    "name": "Can delete Food Category",
    "content_type": 20,
    "codename": "delete_foodcategory"
  }
},
{
  "model": "auth.permission",
  "pk": 80,
  "fields": {
    "name": "Can view Food Category",
    "content_type": 20,
    "codename": "view_foodcategory"
  }
},
{
  "model": "auth.permission",
  "pk": 81,
  "fields": {
    "name": "Can add food ingredient",
    "content_type": 21,
    "codename": "add_foodingredient"
  }
},
{
  "model": "auth.permission",
  "pk": 82,
  "fields": {
    "name": "Can change food ingredient",
    "content_type": 21,
    "codename": "change_foodingredient"
  }
},
{
  "model": "auth.permission",
  "pk": 83,
  "fields": {
    "name": "Can delete food ingredient",
    "content_type": 21,
    "codename": "delete_foodingredient"
  }
},
{
  "model": "auth.permission",
  "pk": 84,
  "fields": {
    "name": "Can view food ingredient",
    "content_type": 21,
    "codename": "view_foodingredient"
  }
},
{
  "model": "auth.permission",
  "pk": 85,
  "fields": {
    "name": "Can add Food Category Compound",
    "content_type": 22,
    "codename": "add_foodcategorycompound"
  }
},
{
  "model": "auth.permission",
  "pk": 86,
  "fields": {
    "name": "Can change Food Category Compound",
    "content_type": 22,
    "codename": "change_foodcategorycompound"
  }
},
{
  "model": "auth.permission",
  "pk": 87,
  "fields": {
    "name": "Can delete Food Category Compound",
    "content_type": 22,
    "codename": "delete_foodcategorycompound"
  }
},
{
  "model": "auth.permission",
  "pk": 88,
  "fields": {
    "name": "Can view Food Category Compound",
    "content_type": 22,
    "codename": "view_foodcategorycompound"
  }
},
{
  "model": "auth.permission",
  "pk": 89,
  "fields": {
    "name": "Can add Cart",
    "content_type": 23,
    "codename": "add_cart"
  }
},
{
  "model": "auth.permission",
  "pk": 90,
  "fields": {
    "name": "Can change Cart",
    "content_type": 23,
    "codename": "change_cart"
  }
},
{
  "model": "auth.permission",
  "pk": 91,
  "fields": {
    "name": "Can delete Cart",
    "content_type": 23,
    "codename": "delete_cart"
  }
},
{
  "model": "auth.permission",
  "pk": 92,
  "fields": {
    "name": "Can view Cart",
    "content_type": 23,
    "codename": "view_cart"
  }
},
{
  "model": "auth.permission",
  "pk": 93,
  "fields": {
    "name": "Can add Discount",
    "content_type": 24,
    "codename": "add_discount"
  }
},
{
  "model": "auth.permission",
  "pk": 94,
  "fields": {
    "name": "Can change Discount",
    "content_type": 24,
    "codename": "change_discount"
  }
},
{
  "model": "auth.permission",
  "pk": 95,
  "fields": {
    "name": "Can delete Discount",
    "content_type": 24,
    "codename": "delete_discount"
  }
},
{
  "model": "auth.permission",
  "pk": 96,
  "fields": {
    "name": "Can view Discount",
    "content_type": 24,
    "codename": "view_discount"
  }
},
{
  "model": "auth.permission",
  "pk": 97,
  "fields": {
    "name": "Can add Order",
    "content_type": 25,
    "codename": "add_order"
  }
},
{
  "model": "auth.permission",
  "pk": 98,
  "fields": {
    "name": "Can change Order",
    "content_type": 25,
    "codename": "change_order"
  }
},
{
  "model": "auth.permission",
  "pk": 99,
  "fields": {
    "name": "Can delete Order",
    "content_type": 25,
    "codename": "delete_order"
  }
},
{
  "model": "auth.permission",
  "pk": 100,
  "fields": {
    "name": "Can view Order",
    "content_type": 25,
    "codename": "view_order"
  }
},
{
  "model": "auth.permission",
  "pk": 101,
  "fields": {
    "name": "Can add Payment",
    "content_type": 26,
    "codename": "add_payment"
  }
},
{
  "model": "auth.permission",
  "pk": 102,
  "fields": {
    "name": "Can change Payment",
    "content_type": 26,
    "codename": "change_payment"
  }
},
{
  "model": "auth.permission",
  "pk": 103,
  "fields": {
    "name": "Can delete Payment",
    "content_type": 26,
    "codename": "delete_payment"
  }
},
{
  "model": "auth.permission",
  "pk": 104,
  "fields": {
    "name": "Can view Payment",
    "content_type": 26,
    "codename": "view_payment"
  }
},
{
  "model": "auth.permission",
  "pk": 105,
  "fields": {
    "name": "Can add Cart Item",
    "content_type": 27,
    "codename": "add_cartitem"
  }
},
{
  "model": "auth.permission",
  "pk": 106,
  "fields": {
    "name": "Can change Cart Item",
    "content_type": 27,
    "codename": "change_cartitem"
  }
},
{
  "model": "auth.permission",
  "pk": 107,
  "fields": {
    "name": "Can delete Cart Item",
    "content_type": 27,
    "codename": "delete_cartitem"
  }
},
{
  "model": "auth.permission",
  "pk": 108,
  "fields": {
    "name": "Can view Cart Item",
    "content_type": 27,
    "codename": "view_cartitem"
  }
},
{
  "model": "auth.permission",
  "pk": 109,
  "fields": {
    "name": "Can add django job",
    "content_type": 28,
    "codename": "add_djangojob"
  }
},
{
  "model": "auth.permission",
  "pk": 110,
  "fields": {
    "name": "Can change django job",
    "content_type": 28,
    "codename": "change_djangojob"
  }
},
{
  "model": "auth.permission",
  "pk": 111,
  "fields": {
    "name": "Can delete django job",
    "content_type": 28,
    "codename": "delete_djangojob"
  }
},
{
  "model": "auth.permission",
  "pk": 112,
  "fields": {
    "name": "Can view django job",
    "content_type": 28,
    "codename": "view_djangojob"
  }
},
{
  "model": "auth.permission",
  "pk": 113,
  "fields": {
    "name": "Can add django job execution",
    "content_type": 29,
    "codename": "add_djangojobexecution"
  }
},
{
  "model": "auth.permission",
  "pk": 114,
  "fields": {
    "name": "Can change django job execution",
    "content_type": 29,
    "codename": "change_djangojobexecution"
  }
},
{
  "model": "auth.permission",
  "pk": 115,
  "fields": {
    "name": "Can delete django job execution",
    "content_type": 29,
    "codename": "delete_djangojobexecution"
  }
},
{
  "model": "auth.permission",
  "pk": 116,
  "fields": {
    "name": "Can view django job execution",
    "content_type": 29,
    "codename": "view_djangojobexecution"
  }
},
{
  "model": "auth.permission",
  "pk": 117,
  "fields": {
    "name": "Can add Address",
    "content_type": 30,
    "codename": "add_address"
  }
},
{
  "model": "auth.permission",
  "pk": 118,
  "fields": {
    "name": "Can change Address",
    "content_type": 30,
    "codename": "change_address"
  }
},
{
  "model": "auth.permission",
  "pk": 119,
  "fields": {
    "name": "Can delete Address",
    "content_type": 30,
    "codename": "delete_address"
  }
},
{
  "model": "auth.permission",
  "pk": 120,
  "fields": {
    "name": "Can view Address",
    "content_type": 30,
    "codename": "view_address"
  }
},
{
  "model": "auth.permission",
  "pk": 121,
  "fields": {
    "name": "Can add Rating",
    "content_type": 31,
    "codename": "add_rating"
  }
},
{
  "model": "auth.permission",
  "pk": 122,
  "fields": {
    "name": "Can change Rating",
    "content_type": 31,
    "codename": "change_rating"
  }
},
{
  "model": "auth.permission",
  "pk": 123,
  "fields": {
    "name": "Can delete Rating",
    "content_type": 31,
    "codename": "delete_rating"
  }
},
{
  "model": "auth.permission",
  "pk": 124,
  "fields": {
    "name": "Can view Rating",
    "content_type": 31,
    "codename": "view_rating"
  }
},
{
  "model": "auth.permission",
  "pk": 125,
  "fields": {
    "name": "Can add Comment",
    "content_type": 32,
    "codename": "add_comment"
  }
},
{
  "model": "auth.permission",
  "pk": 126,
  "fields": {
    "name": "Can change Comment",
    "content_type": 32,
    "codename": "change_comment"
  }
},
{
  "model": "auth.permission",
  "pk": 127,
  "fields": {
    "name": "Can delete Comment",
    "content_type": 32,
    "codename": "delete_comment"
  }
},
{
  "model": "auth.permission",
  "pk": 128,
  "fields": {
    "name": "Can view Comment",
    "content_type": 32,
    "codename": "view_comment"
  }
},
{
  "model": "auth.permission",
  "pk": 129,
  "fields": {
    "name": "Can add site",
    "content_type": 33,
    "codename": "add_site"
  }
},
{
  "model": "auth.permission",
  "pk": 130,
  "fields": {
    "name": "Can change site",
    "content_type": 33,
    "codename": "change_site"
  }
},
{
  "model": "auth.permission",
  "pk": 131,
  "fields": {
    "name": "Can delete site",
    "content_type": 33,
    "codename": "delete_site"
  }
},
{
  "model": "auth.permission",
  "pk": 132,
  "fields": {
    "name": "Can view site",
    "content_type": 33,
    "codename": "view_site"
  }
},
{
  "model": "auth.permission",
  "pk": 133,
  "fields": {
    "name": "Can add tag",
    "content_type": 34,
    "codename": "add_tag"
  }
},
{
  "model": "auth.permission",
  "pk": 134,
  "fields": {
    "name": "Can change tag",
    "content_type": 34,
    "codename": "change_tag"
  }
},
{
  "model": "auth.permission",
  "pk": 135,
  "fields": {
    "name": "Can delete tag",
    "content_type": 34,
    "codename": "delete_tag"
  }
},
{
  "model": "auth.permission",
  "pk": 136,
  "fields": {
    "name": "Can view tag",
    "content_type": 34,
    "codename": "view_tag"
  }
},
{
  "model": "auth.permission",
  "pk": 137,
  "fields": {
    "name": "Can add tagged item",
    "content_type": 35,
    "codename": "add_taggeditem"
  }
},
{
  "model": "auth.permission",
  "pk": 138,
  "fields": {
    "name": "Can change tagged item",
    "content_type": 35,
    "codename": "change_taggeditem"
  }
},
{
  "model": "auth.permission",
  "pk": 139,
  "fields": {
    "name": "Can delete tagged item",
    "content_type": 35,
    "codename": "delete_taggeditem"
  }
},
{
  "model": "auth.permission",
  "pk": 140,
  "fields": {
    "name": "Can view tagged item",
    "content_type": 35,
    "codename": "view_taggeditem"
  }
},
{
  "model": "auth.permission",
  "pk": 141,
  "fields": {
    "name": "Can add Tag",
    "content_type": 36,
    "codename": "add_uuidtaggeditem"
  }
},
{
  "model": "auth.permission",
  "pk": 142,
  "fields": {
    "name": "Can change Tag",
    "content_type": 36,
    "codename": "change_uuidtaggeditem"
  }
},
{
  "model": "auth.permission",
  "pk": 143,
  "fields": {
    "name": "Can delete Tag",
    "content_type": 36,
    "codename": "delete_uuidtaggeditem"
  }
},
{
  "model": "auth.permission",
  "pk": 144,
  "fields": {
    "name": "Can view Tag",
    "content_type": 36,
    "codename": "view_uuidtaggeditem"
  }
},
{
  "model": "auth.permission",
  "pk": 145,
  "fields": {
    "name": "Can add Tag",
    "content_type": 37,
    "codename": "add_uuidtaggeditem"
  }
},
{
  "model": "auth.permission",
  "pk": 146,
  "fields": {
    "name": "Can change Tag",
    "content_type": 37,
    "codename": "change_uuidtaggeditem"
  }
},
{
  "model": "auth.permission",
  "pk": 147,
  "fields": {
    "name": "Can delete Tag",
    "content_type": 37,
    "codename": "delete_uuidtaggeditem"
  }
},
{
  "model": "auth.permission",
  "pk": 148,
  "fields": {
    "name": "Can view Tag",
    "content_type": 37,
    "codename": "view_uuidtaggeditem"
  }
},
{
  "model": "contenttypes.contenttype",
  "pk": 1,
  "fields": {
    "app_label": "admin",
    "model": "logentry"
  }
},
{
  "model": "contenttypes.contenttype",
  "pk": 2,
  "fields": {
    "app_label": "auth",
    "model": "permission"
  }
},
{
  "model": "contenttypes.contenttype",
  "pk": 3,
  "fields": {
    "app_label": "auth",
    "model": "group"
  }
},
{
  "model": "contenttypes.contenttype",
  "pk": 4,
  "fields": {
    "app_label": "contenttypes",
    "model": "contenttype"
  }
},
{
  "model": "contenttypes.contenttype",
  "pk": 5,
  "fields": {
    "app_label": "sessions",
    "model": "session"
  }
},
{
  "model": "contenttypes.contenttype",
  "pk": 6,
  "fields": {
    "app_label": "django_celery_results",
    "model": "taskresult"
  }
},
{
  "model": "contenttypes.contenttype",
  "pk": 7,
  "fields": {
    "app_label": "django_celery_results",
    "model": "chordcounter"
  }
},
{
  "model": "contenttypes.contenttype",
  "pk": 8,
  "fields": {
    "app_label": "django_celery_results",
    "model": "groupresult"
  }
},
{
  "model": "contenttypes.contenttype",
  "pk": 9,
  "fields": {
    "app_label": "django_celery_beat",
    "model": "crontabschedule"
  }
},
{
  "model": "contenttypes.contenttype",
  "pk": 10,
  "fields": {
    "app_label": "django_celery_beat",
    "model": "intervalschedule"
  }
},
{
  "model": "contenttypes.contenttype",
  "pk": 11,
  "fields": {
    "app_label": "django_celery_beat",
    "model": "periodictask"
  }
},
{
  "model": "contenttypes.contenttype",
  "pk": 12,
  "fields": {
    "app_label": "django_celery_beat",
    "model": "periodictasks"
  }
},
{
  "model": "contenttypes.contenttype",
  "pk": 13,
  "fields": {
    "app_label": "django_celery_beat",
    "model": "solarschedule"
  }
},
{
  "model": "contenttypes.contenttype",
  "pk": 14,
  "fields": {
    "app_label": "django_celery_beat",
    "model": "clockedschedule"
  }
},
{
  "model": "contenttypes.contenttype",
  "pk": 15,
  "fields": {
    "app_label": "users",
    "model": "baseuser"
  }
},
{
  "model": "contenttypes.contenttype",
  "pk": 16,
  "fields": {
    "app_label": "users",
    "model": "profile"
  }
},
{
  "model": "contenttypes.contenttype",
  "pk": 17,
  "fields": {
    "app_label": "ingredients",
    "model": "ingredient"
  }
},
{
  "model": "contenttypes.contenttype",
  "pk": 18,
  "fields": {
    "app_label": "ingredients",
    "model": "ingredientcategory"
  }
},
{
  "model": "contenttypes.contenttype",
  "pk": 19,
  "fields": {
    "app_label": "foods",
    "model": "food"
  }
},
{
  "model": "contenttypes.contenttype",
  "pk": 20,
  "fields": {
    "app_label": "foods",
    "model": "foodcategory"
  }
},
{
  "model": "contenttypes.contenttype",
  "pk": 21,
  "fields": {
    "app_label": "foods",
    "model": "foodingredient"
  }
},
{
  "model": "contenttypes.contenttype",
  "pk": 22,
  "fields": {
    "app_label": "foods",
    "model": "foodcategorycompound"
  }
},
{
  "model": "contenttypes.contenttype",
  "pk": 23,
  "fields": {
    "app_label": "orders",
    "model": "cart"
  }
},
{
  "model": "contenttypes.contenttype",
  "pk": 24,
  "fields": {
    "app_label": "orders",
    "model": "discount"
  }
},
{
  "model": "contenttypes.contenttype",
  "pk": 25,
  "fields": {
    "app_label": "orders",
    "model": "order"
  }
},
{
  "model": "contenttypes.contenttype",
  "pk": 26,
  "fields": {
    "app_label": "orders",
    "model": "payment"
  }
},
{
  "model": "contenttypes.contenttype",
  "pk": 27,
  "fields": {
    "app_label": "orders",
    "model": "cartitem"
  }
},
{
  "model": "contenttypes.contenttype",
  "pk": 28,
  "fields": {
    "app_label": "django_apscheduler",
    "model": "djangojob"
  }
},
{
  "model": "contenttypes.contenttype",
  "pk": 29,
  "fields": {
    "app_label": "django_apscheduler",
    "model": "djangojobexecution"
  }
},
{
  "model": "contenttypes.contenttype",
  "pk": 30,
  "fields": {
    "app_label": "users",
    "model": "address"
  }
},
{
  "model": "contenttypes.contenttype",
  "pk": 31,
  "fields": {
    "app_label": "feedback",
    "model": "rating"
  }
},
{
  "model": "contenttypes.contenttype",
  "pk": 32,
  "fields": {
    "app_label": "feedback",
    "model": "comment"
  }
},
{
  "model": "contenttypes.contenttype",
  "pk": 33,
  "fields": {
    "app_label": "sites",
    "model": "site"
  }
},
{
  "model": "contenttypes.contenttype",
  "pk": 34,
  "fields": {
    "app_label": "taggit",
    "model": "tag"
  }
},
{
  "model": "contenttypes.contenttype",
  "pk": 35,
  "fields": {
    "app_label": "taggit",
    "model": "taggeditem"
  }
},
{
  "model": "contenttypes.contenttype",
  "pk": 36,
  "fields": {
    "app_label": "common",
    "model": "uuidtaggeditem"
  }
},
{
  "model": "contenttypes.contenttype",
  "pk": 37,
  "fields": {
    "app_label": "foods",
    "model": "uuidtaggeditem"
  }
},
{
  "model": "sessions.session",
  "pk": "7dxr1o3ryk2lw5dz3prby4pd0mepso1r",
  "fields": {
    "session_data": ".eJxVjcFugzAQRP_F5wqtjTHQWx0lKKl6QFGr3NB6jUMowik4UaDqv5dIueQ6b-bNL6toHFzw33XPXlm5n283oOMutF04X9vrZuU3W13ad18UW_wx4StAWOv4c9Z7zYtpLuepE9n5MB369duOvbAKL6GpLmM9VCe7KMVzZpCWqzuwLfZHH5Hvw3Ay0b0SPegYfXhbd_rRfRI0ODbLOkkkZmmWC6pj4FbGBp2TghRIwZFbSypXEiVyA6AMxaBSAkiTLEm5czn7-wf1sVMB:1rgPoi:8rvtFbW74K72-UJOC-y4p_8u9llz3jHt4FufOd55AWo",
    "expire_date": "2024-03-16T13:54:20.150Z"
  }
},
{
  "model": "sessions.session",
  "pk": "95na81ydwvr5f7pytodtg7qxky8dv0i4",
  "fields": {
    "session_data": ".eJxVjcGOgjAURf-l6wlpS2lhdqNGUdSFK3bkta8FmRFMWzNR47-LiRu399x77p00JngXx187kG-C0rJlH6qrqn5wHuenOpbIot7qsj4dzvp6K2CV79f-Jtth1Zb7uOkX8tzXFf_f2p0nX6SBS-yaS7C-OeKk5J-ZBjNdvQD2MLRjYsYh-qNOXpXkTUOyG9H-zd7dD0EHoZvWWSYgV3nBjU0pQ5FqcE5wI6ngDBiikYUUIIBpSqU2KZXKUKqyPFPMuYI8nmAxUmM:1rGfyQ:m2pw158D-POlLd1xsVwj9u4EK5VOm5clQzOEnrlocJg",
    "expire_date": "2024-01-05T13:53:58.514Z"
  }
},
{
  "model": "sessions.session",
  "pk": "f6mry3s2qx847wdo9wzfomtavtmvdhc6",
  "fields": {
    "session_data": ".eJxVjV1rgzAYhf9LrofkyyTubi0U0ZV2bNnqlSRvErUVLcZu0LH_Pgu96e15znnOL6ohTmEeT35Az2jP4roHWZX-XKm34gde1Ln50qeV2-n8s4-N0FoWrxtW5sXHVVeHbusP75vjt83nSK8lekK1ucxtfYl-qju3KOljZg0sVzfgjmZoxgTGYZ46m9wqyZ3GZDs636_u3QdBa2K7rNOUGyVVRsEzTBxn1oTAKQjMKTHEORCZ4IYbYjEWFhgWEjCWqUolCSFDf__6nlHo:1r0aiT:CWF4IQ8XKP27Hx8VbIHCHxdar74waQLYFGGxMpLRkVE",
    "expire_date": "2023-11-22T05:03:01.789Z"
  }
},
{
  "model": "sessions.session",
  "pk": "inbs999a6rnl9pimhcv2baog3gbeq2dq",
  "fields": {
    "session_data": ".eJxVjcFuwjAQRP_FZxStE8dOeqNVaaVCoBUIeorWa5tAka3GSVpR9d8JEheu82be_LGaYuu68GU9e2C-qpbrzqu9-tjMzqvd55t7WsGPM0S_p_PuGMTzMKxbm0ndN1MCt5lt3xfLKOHltRq-52zCauy7pu6jbeuDGZXpfaaRxqsrMEf0-5BQ8F170Mm1ktxoTBbB2NPjrXsnaDA24zrPBRaqKFOyGXAjMo3OiZQkiJQjN4ZkKQUK5BpAaspAKgJQeZEr7lzJ_i9nS1Ja:1r6Agt:IT21EwHOLMVm_S5K-dRIc_ThNdYAn70AcOHAKJC0tZo",
    "expire_date": "2023-12-07T14:28:27.836Z"
  }
},
{
  "model": "sessions.session",
  "pk": "jpzlqum83spj5r6zl8c8bt711jzigh13",
  "fields": {
    "session_data": ".eJxVjctqwzAURP9F62L0smR1l7SGJGBaSvqgG3N1JVVOUotIThcp_fc6kE22c2bO_JIeSw5T2vuR3BMtXna5w7ZdTPl43Hi9OT99Pqy31qwWr3Kd6Dd_Xur3-NOaj7Met4_7Mog32cUUIm_RkzvSw2mK_an43A9uVvLbzALOVxfgdjB-pQrTOOXBVpdKdaWl6pLzh-W1eyOIUOK8rmsJjW4MRy8oc1JYCEFyVFRyBsw5VEZJkMAspcqioEojpbpuas1CMOTvH4INUUw:1rbdFa:7BNHTOaMbWemNKW1EptXRbReKmiqWna0wR4TefyjYXY",
    "expire_date": "2024-03-03T09:14:18.816Z"
  }
},
{
  "model": "sessions.session",
  "pk": "sw44jiwayjb7wxuw3qy0bafcncv70arb",
  "fields": {
    "session_data": ".eJxVjctOwzAURP_FaxT5OrbjsKO0lDdIREVZRdfXcZMWHBSniATx76RSN93OmTnzyyqKvR-6fR3YJdusb0Z4-Zmmq3Wxd-Pr3Q4e31ZlsSnfKZ-4SEMgJ55L83U99sbIol1uH-i7hOnzXkW4ZReswsPQVIdY91XrZqU4zyzSfHUEbodh2yXUhaFvbXKsJCcak6fO1R-LU_dM0GBs5rVSEk1mckF1ysHJ1KL3UpDmUgCCc6RzLVEiWM61pZTrjDjPlFEZeJ-zv3_AzVGK:1rhqpP:hDMs2RGl0819RPxPwVts33norwovqPA2XaiZLPW1g9k",
    "expire_date": "2024-03-20T12:56:59.610Z"
  }
},
{
  "model": "sessions.session",
  "pk": "yxke6ndogm4hy4owkxt6ubuq5ar6wv2k",
  "fields": {
    "session_data": ".eJxVjctugzAURP_F6wrZ5mJDl1AFIqiEEqlpV-j6FWgQbsFRm1b99xIpm2znzJz5JZ1eZhf8yU7kkeT7ZnzhUxl7wz_7t2NRt687eILtF8xDUdYBN1U1NIcLC_u2-W43BzOWefFxsT-VrHFHHkiH59B358XO3WBWJb_PFOr16grMO05HH2k_hXlQ0bUS3egSPXtjx_zWvRP0uPTrOkkAU5lmXNuYMgOxQueAa0GBM2TGaJEJQECmKBVKx1RITalM0kQy5zLy9w-qaFGH:1rV4T2:PGw845q_-tfhklSyCzNaRB5-b-BDHtZgZx_fInVofn0",
    "expire_date": "2024-02-14T06:53:04.488Z"
  }
},
{
  "model": "sessions.session",
  "pk": "zozkcznhobk7cb1ky7t0ru9qmsyyvhpo",
  "fields": {
    "session_data": ".eJxVjcsOgjAURP-la0P6LrjDBI0muNEYd-S2pTyUooAGNf67mLhxO2fmzAtlpu_c0J5yj-Zo9xDnY8PUkieFX4xxqvf-XjRxmm6WtFaXblVtH0_cjDU5QeLja3PcbxM22upertfqgGYog9tQZrc-77LKTkr6n2kw09UX2Bp80Qam9UNX6eBbCX60D9LW5ufFr_snKKEvp7UQHEIVRtTkDBPLmQbnODUSc0qAWGtkJDlwIBpjqQ3DUhmMlQiFIs5F6P0BRGpSQw:1rRcwO:UA9R1myZ9r5LXmhO-MzEltqGtOIl5LDCY-HVnYD6wa8",
    "expire_date": "2024-02-04T18:53:08.317Z"
  }
},
{
  "model": "sessions.session",
  "pk": "zra01exsex4efg4e0rmb27kjw70z2suo",
  "fields": {
    "session_data": ".eJxVjctuwyAURP-FdWWBDRi6a1KrSaVk56ZZWZcLFNcOKH5Efaj_XkfKJts5M2d-SYPj4KfUuUgeidoWP8rXVdLfuse4Whvb06-XUzVt3gM_ikNs610XqirMhzfWied9d-IXd9zWZ1s_Da_kgTQwT6GZRzc0rV2U-X1mAJerK7CfED9ShilOQ2uyayW70THbJev61a17JwgwhmUtBAdVKp2jKyizvDDgPc9RUp4zYNai1JIDB2YolQYLKkuktBRKlMx7Tf7-AQrGUfw:1qvBTi:rLGvigC7TUKcZmTAabn72yyCH3sA20C9uq6d9iFVAG8",
    "expire_date": "2023-11-07T07:05:26.148Z"
  }
},
{
  "model": "sites.site",
  "pk": 1,
  "fields": {
    "domain": "127.0.0.1:8000",
    "name": "local host"
  }
},
{
  "model": "django_celery_beat.crontabschedule",
  "pk": 1,
  "fields": {
    "minute": "0",
    "hour": "4",
    "day_of_week": "*",
    "day_of_month": "*",
    "month_of_year": "*",
    "timezone": "UTC"
  }
},
{
  "model": "django_celery_beat.periodictasks",
  "pk": 1,
  "fields": {
    "last_update": "2024-02-19T11:21:05.153Z"
  }
},
{
  "model": "django_celery_beat.periodictask",
  "pk": 1,
  "fields": {
    "name": "celery.backend_cleanup",
    "task": "celery.backend_cleanup",
    "interval": null,
    "crontab": 1,
    "solar": null,
    "clocked": null,
    "args": "[]",
    "kwargs": "{}",
    "queue": null,
    "exchange": null,
    "routing_key": null,
    "headers": "{}",
    "priority": null,
    "expires": null,
    "expire_seconds": 43200,
    "one_off": false,
    "start_time": null,
    "enabled": true,
    "last_run_at": null,
    "total_run_count": 0,
    "date_changed": "2024-02-19T11:21:05.158Z",
    "description": ""
  }
},
{
  "model": "taggit.tag",
  "pk": 10,
  "fields": {
    "name": "new year",
    "slug": "new-year"
  }
},
{
  "model": "taggit.tag",
  "pk": 11,
  "fields": {
    "name": "burger",
    "slug": "burger"
  }
},
{
  "model": "taggit.tag",
  "pk": 14,
  "fields": {
    "name": "newyear",
    "slug": "newyear"
  }
},
{
  "model": "taggit.tag",
  "pk": 15,
  "fields": {
    "name": "Christmas",
    "slug": "christmas"
  }
},
{
  "model": "users.baseuser",
  "pk": 1,
  "fields": {
    "password": "pbkdf2_sha256$320000$6KcrTHYXbpXe1IL9GBlnTT$k/1LEkLVonxPRvMYRibGFBq3pgW8rM185gjLNOqeSbU=",
    "last_login": null,
    "is_superuser": false,
    "position": 0,
    "created_at": "2023-11-04T10:54:37.177Z",
    "updated_at": "2023-11-04T10:54:37.198Z",
    "email": "user@example.com",
    "is_active": true,
    "is_admin": false,
    "groups": [],
    "user_permissions": []
  }
},
{
  "model": "users.baseuser",
  "pk": 2,
  "fields": {
    "password": "pbkdf2_sha256$320000$YbbWolByEY7G2pAznV0n7N$GJUBRL9HlJNa7wPeb7NY+XhLJ+l4M0xM6ZWvpNKqS9Y=",
    "last_login": "2024-03-06T12:56:59.551Z",
    "is_superuser": true,
    "position": 0,
    "created_at": "2023-11-04T10:54:37.177Z",
    "updated_at": "2023-11-04T10:54:37.198Z",
    "email": "superuser@gmail.com",
    "is_active": true,
    "is_admin": true,
    "groups": [],
    "user_permissions": []
  }
},
{
  "model": "users.baseuser",
  "pk": 6,
  "fields": {
    "password": "pbkdf2_sha256$320000$hUnkhvfnGjtTicjZdAMYPD$bP3kxrxW/Yo8s+FJ+4E9vfsTCKO++toYNfnmPpxuuIY=",
    "last_login": null,
    "is_superuser": false,
    "position": 1,
    "created_at": "2023-11-27T18:48:33.436Z",
    "updated_at": "2023-11-27T18:48:33.436Z",
    "email": "ahmner@example.com",
    "is_active": true,
    "is_admin": false,
    "groups": [],
    "user_permissions": []
  }
},
{
  "model": "users.baseuser",
  "pk": 8,
  "fields": {
    "password": "pbkdf2_sha256$320000$mhR6XkLmNlC5X4TE6vTEsM$KbLc9XWDrfKOu7zfEYB77lKLt5okkFPWhURzEZ8cu7g=",
    "last_login": null,
    "is_superuser": false,
    "position": 2,
    "created_at": "2023-12-22T14:07:45.259Z",
    "updated_at": "2023-12-22T14:07:45.259Z",
    "email": "jalil@example.com",
    "is_active": true,
    "is_admin": false,
    "groups": [],
    "user_permissions": []
  }
},
{
  "model": "users.baseuser",
  "pk": 9,
  "fields": {
    "password": "pbkdf2_sha256$320000$avW88FnHDmM74NlseaL5Hq$6qDoI5s0UDm9Q2wCDdwDsDiNdqmxc5Q1HRYn7tCKo8c=",
    "last_login": null,
    "is_superuser": false,
    "position": 3,
    "created_at": "2024-01-22T15:25:15.437Z",
    "updated_at": "2024-01-22T15:25:15.437Z",
    "email": "aliali@example.com",
    "is_active": true,
    "is_admin": false,
    "groups": [],
    "user_permissions": []
  }
},
{
  "model": "users.baseuser",
  "pk": 10,
  "fields": {
    "password": "pbkdf2_sha256$320000$KSYDFmhxu7tYQBBg7SlfMb$Gx80+hrusW3ptUBKAxad3o8krZUlH7uVFo8CWBKG2/E=",
    "last_login": null,
    "is_superuser": false,
    "position": 4,
    "created_at": "2024-02-20T08:46:13.846Z",
    "updated_at": "2024-02-20T08:46:13.846Z",
    "email": "string@example.com",
    "is_active": true,
    "is_admin": false,
    "groups": [],
    "user_permissions": []
  }
},
{
  "model": "users.baseuser",
  "pk": 13,
  "fields": {
    "password": "pbkdf2_sha256$320000$d9LOrVZ3e2XHN8W637lvFK$pMjbd2s6qEpZ0RTCvVNLrRF9gFTjHobE2qqHHFT+2wQ=",
    "last_login": null,
    "is_superuser": false,
    "position": 5,
    "created_at": "2024-03-06T13:19:13.588Z",
    "updated_at": "2024-03-06T13:19:13.588Z",
    "email": "adelne0223@gmail.com",
    "is_active": true,
    "is_admin": false,
    "groups": [],
    "user_permissions": []
  }
},
{
  "model": "users.baseuser",
  "pk": 15,
  "fields": {
    "password": "pbkdf2_sha256$320000$DdykyIIjIugxk4yJAq60Ar$UiWnn7wCZLRyEH9jOiVWOvyehzQ7e/1kM9G7lo7tBgY=",
    "last_login": null,
    "is_superuser": false,
    "position": 6,
    "created_at": "2024-03-09T06:22:29.552Z",
    "updated_at": "2024-03-09T06:22:29.552Z",
    "email": "user12@example.com",
    "is_active": true,
    "is_admin": false,
    "groups": [],
    "user_permissions": []
  }
},
{
  "model": "users.profile",
  "pk": 1,
  "fields": {
    "user": 1,
    "bio": "string",
    "public_name": "useram"
  }
},
{
  "model": "users.profile",
  "pk": 5,
  "fields": {
    "user": 6,
    "bio": "string",
    "public_name": "ahmner"
  }
},
{
  "model": "users.profile",
  "pk": 7,
  "fields": {
    "user": 8,
    "bio": "jalilam",
    "public_name": "jalilam"
  }
},
{
  "model": "users.profile",
  "pk": 8,
  "fields": {
    "user": 9,
    "bio": "string",
    "public_name": "ali"
  }
},
{
  "model": "users.profile",
  "pk": 9,
  "fields": {
    "user": 10,
    "bio": "string",
    "public_name": "string"
  }
},
{
  "model": "users.profile",
  "pk": 12,
  "fields": {
    "user": 13,
    "bio": "this is adel.",
    "public_name": "Adel"
  }
},
{
  "model": "users.profile",
  "pk": 14,
  "fields": {
    "user": 15,
    "bio": "string",
    "public_name": "stringsdas"
  }
},
{
  "model": "users.address",
  "pk": "aba6c89a-893d-4909-814b-acb6910864b4",
  "fields": {
    "is_active": true,
    "position": 4,
    "created_at": "2024-02-23T15:56:49.570Z",
    "updated_at": "2024-02-24T08:48:07.110Z",
    "user": 8,
    "title": "qale",
    "address_str": "qale string, left",
    "phone_number": "+989182944839"
  }
},
{
  "model": "users.address",
  "pk": "ba77d0be-331f-465e-abaa-5e886bae9a66",
  "fields": {
    "is_active": true,
    "position": 1,
    "created_at": "2024-02-23T15:29:04.099Z",
    "updated_at": "2024-02-23T15:29:13.361Z",
    "user": 1,
    "title": "home",
    "address_str": "left side",
    "phone_number": "0129123121"
  }
},
{
  "model": "ingredients.ingredientcategory",
  "pk": "672be906-f840-4a0f-b9ef-49deb9dc54d0",
  "fields": {
    "is_active": true,
    "position": 1,
    "created_at": "2023-10-27T05:55:29.133Z",
    "updated_at": "2023-11-08T05:15:42.689Z",
    "image_url": "url/cheeses.jpg",
    "image_alt_text": "cheeses ingredient category",
    "name": "cheeses"
  }
},
{
  "model": "ingredients.ingredientcategory",
  "pk": "97a7b54a-005f-4453-ae5d-df51d7d7f981",
  "fields": {
    "is_active": true,
    "position": 3,
    "created_at": "2023-11-08T05:04:12.155Z",
    "updated_at": "2023-11-08T05:06:32.317Z",
    "image_url": "burger meats.jpg",
    "image_alt_text": "burger meats ingredients category",
    "name": "burger meats"
  }
},
{
  "model": "ingredients.ingredientcategory",
  "pk": "f34a57f2-9b47-4005-92ca-0620105d16d4",
  "fields": {
    "is_active": true,
    "position": 2,
    "created_at": "2023-10-24T16:24:14.786Z",
    "updated_at": "2024-01-31T07:44:08.907Z",
    "image_url": "some url",
    "image_alt_text": "buns ingredient category",
    "name": "buns"
  }
},
{
  "model": "ingredients.ingredient",
  "pk": "2c441f4c-378a-42c2-a396-7bdb08073939",
  "fields": {
    "is_active": true,
    "position": 1,
    "created_at": "2023-11-04T10:37:36.148Z",
    "updated_at": "2024-01-22T14:36:07.914Z",
    "image_url": "base_url/goda _cheese.jpg",
    "image_alt_text": "goda cheese",
    "category": "672be906-f840-4a0f-b9ef-49deb9dc54d0",
    "name": "goda cheese",
    "png_file_url": "goda_cheese.png",
    "png_file_alt_text": "goda cheese",
    "price": 15.0,
    "unit": "layer",
    "remaining_units": 19,
    "stock_limit": null,
    "is_available": true,
    "auto_check_availability": false
  }
},
{
  "model": "ingredients.ingredient",
  "pk": "3e3cb8da-5d54-49c2-840b-c39cdaa83f4c",
  "fields": {
    "is_active": true,
    "position": 2,
    "created_at": "2023-11-04T10:38:47.514Z",
    "updated_at": "2023-11-04T10:38:47.514Z",
    "image_url": "pesto_cheese.jpg",
    "image_alt_text": "pesto cheese",
    "category": "672be906-f840-4a0f-b9ef-49deb9dc54d0",
    "name": "pesto cheese",
    "png_file_url": "pesto_cheese.png",
    "png_file_alt_text": "pesto cheese",
    "price": 12.0,
    "unit": "layer",
    "remaining_units": 10,
    "stock_limit": null,
    "is_available": true,
    "auto_check_availability": false
  }
},
{
  "model": "ingredients.ingredient",
  "pk": "501425fb-8eca-4572-87f5-b924d58d78a9",
  "fields": {
    "is_active": true,
    "position": 1,
    "created_at": "2023-11-08T05:06:10.300Z",
    "updated_at": "2024-02-28T15:14:35.731Z",
    "image_url": "ground_beef_burger.jpg",
    "image_alt_text": "ground beef burger",
    "category": "97a7b54a-005f-4453-ae5d-df51d7d7f981",
    "name": "ground beef burger",
    "png_file_url": "ground_beef_burger.png",
    "png_file_alt_text": "ground beef burger",
    "price": 13.0,
    "unit": "pat",
    "remaining_units": 44,
    "stock_limit": 48,
    "is_available": false,
    "auto_check_availability": true
  }
},
{
  "model": "ingredients.ingredient",
  "pk": "73314bae-3876-4bd3-a59a-e1fe0c9c30e7",
  "fields": {
    "is_active": true,
    "position": 1,
    "created_at": "2023-11-04T10:36:15.877Z",
    "updated_at": "2024-02-28T15:14:35.724Z",
    "image_url": "base_url.com/bugget.jpg",
    "image_alt_text": "bugget",
    "category": "f34a57f2-9b47-4005-92ca-0620105d16d4",
    "name": "bugget",
    "png_file_url": "bugget.png",
    "png_file_alt_text": "bugget",
    "price": 15.0,
    "unit": "loaf",
    "remaining_units": 9,
    "stock_limit": null,
    "is_available": true,
    "auto_check_availability": false
  }
},
{
  "model": "foods.foodcategory",
  "pk": "3f44e31e-0db0-4b65-aa45-78f46df51baa",
  "fields": {
    "is_active": true,
    "position": 2,
    "created_at": "2023-11-23T17:51:11.568Z",
    "updated_at": "2024-03-09T08:03:32.271Z",
    "image_url": "burger.jpg",
    "image_alt_text": "burger food category",
    "name": "burger",
    "icon_url": "burger.png",
    "icon_alt_text": "burger food category",
    "is_customizable": true
  }
},
{
  "model": "foods.foodcategory",
  "pk": "89808188-1484-4b64-be2f-05c10cae2d47",
  "fields": {
    "is_active": true,
    "position": 3,
    "created_at": "2024-03-09T07:52:50.357Z",
    "updated_at": "2024-03-09T08:00:55.368Z",
    "image_url": "burger.jpg",
    "image_alt_text": "burger3 food category",
    "name": "burger3",
    "icon_url": "burger.png",
    "icon_alt_text": "burger3 food category",
    "is_customizable": false
  }
},
{
  "model": "foods.foodcategorycompound",
  "pk": "565cce9b-e52f-49cb-9da1-6e07d69cf667",
  "fields": {
    "is_active": true,
    "position": 1,
    "food_category": "3f44e31e-0db0-4b65-aa45-78f46df51baa",
    "ingredient_category": "f34a57f2-9b47-4005-92ca-0620105d16d4",
    "min": 1,
    "max": 1
  }
},
{
  "model": "foods.foodcategorycompound",
  "pk": "811c7af0-57bb-48c0-9ec4-b2d8c64ca4ae",
  "fields": {
    "is_active": true,
    "position": 3,
    "food_category": "3f44e31e-0db0-4b65-aa45-78f46df51baa",
    "ingredient_category": "672be906-f840-4a0f-b9ef-49deb9dc54d0",
    "min": 0,
    "max": 10
  }
},
{
  "model": "foods.foodcategorycompound",
  "pk": "8a844a21-e224-4f58-80b7-4c8709560f12",
  "fields": {
    "is_active": true,
    "position": 2,
    "food_category": "89808188-1484-4b64-be2f-05c10cae2d47",
    "ingredient_category": "97a7b54a-005f-4453-ae5d-df51d7d7f981",
    "min": 1,
    "max": 5
  }
},
{
  "model": "foods.foodcategorycompound",
  "pk": "90b67752-9d48-4191-b2d4-1d88ab06cde9",
  "fields": {
    "is_active": true,
    "position": 3,
    "food_category": "89808188-1484-4b64-be2f-05c10cae2d47",
    "ingredient_category": "672be906-f840-4a0f-b9ef-49deb9dc54d0",
    "min": 0,
    "max": 10
  }
},
{
  "model": "foods.foodcategorycompound",
  "pk": "a0fc91fd-7e63-4e2e-bc00-c2b82343d016",
  "fields": {
    "is_active": true,
    "position": 2,
    "food_category": "3f44e31e-0db0-4b65-aa45-78f46df51baa",
    "ingredient_category": "97a7b54a-005f-4453-ae5d-df51d7d7f981",
    "min": 1,
    "max": 5
  }
},
{
  "model": "foods.foodcategorycompound",
  "pk": "c2360e65-d378-4931-ba79-fff42ec8eea3",
  "fields": {
    "is_active": true,
    "position": 1,
    "food_category": "89808188-1484-4b64-be2f-05c10cae2d47",
    "ingredient_category": "f34a57f2-9b47-4005-92ca-0620105d16d4",
    "min": 1,
    "max": 1
  }
},
{
  "model": "foods.uuidtaggeditem",
  "pk": 8,
  "fields": {
    "tag": 11,
    "content_type": 19,
    "object_id": "edbb01ef-f4b4-4f2f-9229-9915f65f36ba"
  }
},
{
  "model": "foods.uuidtaggeditem",
  "pk": 10,
  "fields": {
    "tag": 14,
    "content_type": 19,
    "object_id": "edbb01ef-f4b4-4f2f-9229-9915f65f36ba"
  }
},
{
  "model": "foods.uuidtaggeditem",
  "pk": 11,
  "fields": {
    "tag": 15,
    "content_type": 19,
    "object_id": "edbb01ef-f4b4-4f2f-9229-9915f65f36ba"
  }
},
{
  "model": "foods.food",
  "pk": "600c8d7e-076d-4471-b100-49694d4ccf49",
  "fields": {
    "is_active": true,
    "position": 4,
    "created_at": "2024-01-24T11:29:13.480Z",
    "updated_at": "2024-02-21T14:14:48.199Z",
    "image_url": "superburger.png",
    "image_alt_text": "super burger",
    "name": "super burger",
    "category": "3f44e31e-0db0-4b65-aa45-78f46df51baa",
    "created_by": 8,
    "description": "wowwwwww",
    "rate": 0.0,
    "is_original": false,
    "price": 96.0,
    "views": 27,
    "ordered_count": 6,
    "is_confirmed": true,
    "is_public": true,
    "is_available": true,
    "auto_check_availability": false
  }
},
{
  "model": "foods.food",
  "pk": "91fa88bc-5cfe-49ae-8978-af2f80115347",
  "fields": {
    "is_active": true,
    "position": 5,
    "created_at": "2024-01-25T20:04:00.634Z",
    "updated_at": "2024-02-18T20:24:44.090Z",
    "image_url": "superburger.png",
    "image_alt_text": "kindda super burger",
    "name": "kindda supers burger",
    "category": "3f44e31e-0db0-4b65-aa45-78f46df51baa",
    "created_by": 8,
    "description": "wowwwwww",
    "rate": 0.0,
    "is_original": true,
    "price": 44.0,
    "views": 0,
    "ordered_count": 0,
    "is_confirmed": true,
    "is_public": true,
    "is_available": true,
    "auto_check_availability": false
  }
},
{
  "model": "foods.food",
  "pk": "9d3a8b74-dd34-4539-862b-432fbc0465cd",
  "fields": {
    "is_active": true,
    "position": 1,
    "created_at": "2024-01-21T19:01:03.579Z",
    "updated_at": "2024-03-06T17:25:54.997Z",
    "image_url": "some_url.png",
    "image_alt_text": "mac-double-cheese",
    "name": "Mac Double cheese",
    "category": "3f44e31e-0db0-4b65-aa45-78f46df51baa",
    "created_by": 8,
    "description": "wow this is nice",
    "rate": 2.0,
    "is_original": true,
    "price": 10.0,
    "views": 23,
    "ordered_count": 4,
    "is_confirmed": true,
    "is_public": true,
    "is_available": true,
    "auto_check_availability": false
  }
},
{
  "model": "foods.food",
  "pk": "c2243b4e-3026-4d47-a688-18c43d15a3fb",
  "fields": {
    "is_active": true,
    "position": 3,
    "created_at": "2024-01-21T19:14:16.497Z",
    "updated_at": "2024-03-08T15:53:45.323Z",
    "image_url": "triple.jpg",
    "image_alt_text": "triple-burgerpng",
    "name": "triple burger.png",
    "category": "3f44e31e-0db0-4b65-aa45-78f46df51baa",
    "created_by": 5,
    "description": "wow",
    "rate": 0.0,
    "is_original": true,
    "price": 50.0,
    "views": 0,
    "ordered_count": 6,
    "is_confirmed": true,
    "is_public": true,
    "is_available": true,
    "auto_check_availability": false
  }
},
{
  "model": "foods.food",
  "pk": "e614f7e6-9f34-4665-904c-d3a840f1e2b6",
  "fields": {
    "is_active": true,
    "position": 2,
    "created_at": "2024-01-21T19:12:54.903Z",
    "updated_at": "2024-02-28T15:14:35.736Z",
    "image_url": "simple_burger.png",
    "image_alt_text": "very-simple-burger",
    "name": "very simple burger",
    "category": "3f44e31e-0db0-4b65-aa45-78f46df51baa",
    "created_by": 8,
    "description": "veryyyy simple",
    "rate": 3.0,
    "is_original": true,
    "price": 18.0,
    "views": 0,
    "ordered_count": 0,
    "is_confirmed": true,
    "is_public": true,
    "is_available": false,
    "auto_check_availability": true
  }
},
{
  "model": "foods.food",
  "pk": "edbb01ef-f4b4-4f2f-9229-9915f65f36ba",
  "fields": {
    "is_active": true,
    "position": 6,
    "created_at": "2024-03-08T16:27:12.570Z",
    "updated_at": "2024-03-09T06:17:57.381Z",
    "image_url": "some_url/Christmas_burger.png",
    "image_alt_text": "Christmas burger",
    "name": "Christmas burger",
    "category": "3f44e31e-0db0-4b65-aa45-78f46df51baa",
    "created_by": 9,
    "description": "happy new year",
    "rate": 0.0,
    "is_original": false,
    "price": 80.39999999999999,
    "views": 0,
    "ordered_count": 0,
    "is_confirmed": true,
    "is_public": true,
    "is_available": true,
    "auto_check_availability": false
  }
},
{
  "model": "foods.foodingredient",
  "pk": "05b2d17d-d4c2-46fa-9506-87ac04828808",
  "fields": {
    "is_active": true,
    "position": 1,
    "food": "c2243b4e-3026-4d47-a688-18c43d15a3fb",
    "ingredient": "73314bae-3876-4bd3-a59a-e1fe0c9c30e7",
    "amount": 1
  }
},
{
  "model": "foods.foodingredient",
  "pk": "21edb2e9-2fb4-4430-9c0e-4631be395ccd",
  "fields": {
    "is_active": true,
    "position": 3,
    "food": "9d3a8b74-dd34-4539-862b-432fbc0465cd",
    "ingredient": "2c441f4c-378a-42c2-a396-7bdb08073939",
    "amount": 1
  }
},
{
  "model": "foods.foodingredient",
  "pk": "239de0b9-312a-40b8-bec3-2ae4f3a5cd6f",
  "fields": {
    "is_active": true,
    "position": 2,
    "food": "edbb01ef-f4b4-4f2f-9229-9915f65f36ba",
    "ingredient": "501425fb-8eca-4572-87f5-b924d58d78a9",
    "amount": 4
  }
},
{
  "model": "foods.foodingredient",
  "pk": "35804ceb-2dc0-4481-9822-8b88a0efad30",
  "fields": {
    "is_active": true,
    "position": 1,
    "food": "e614f7e6-9f34-4665-904c-d3a840f1e2b6",
    "ingredient": "73314bae-3876-4bd3-a59a-e1fe0c9c30e7",
    "amount": 1
  }
},
{
  "model": "foods.foodingredient",
  "pk": "69fb3dfb-9e73-46f8-8763-ada04d4bbfc0",
  "fields": {
    "is_active": true,
    "position": 1,
    "food": "91fa88bc-5cfe-49ae-8978-af2f80115347",
    "ingredient": "73314bae-3876-4bd3-a59a-e1fe0c9c30e7",
    "amount": 1
  }
},
{
  "model": "foods.foodingredient",
  "pk": "8a1d1b89-cf1f-4e66-8d52-9a7e337c0017",
  "fields": {
    "is_active": true,
    "position": 2,
    "food": "600c8d7e-076d-4471-b100-49694d4ccf49",
    "ingredient": "501425fb-8eca-4572-87f5-b924d58d78a9",
    "amount": 5
  }
},
{
  "model": "foods.foodingredient",
  "pk": "9e3dfdf2-08d1-49c3-9218-69a357329dc8",
  "fields": {
    "is_active": true,
    "position": 1,
    "food": "9d3a8b74-dd34-4539-862b-432fbc0465cd",
    "ingredient": "73314bae-3876-4bd3-a59a-e1fe0c9c30e7",
    "amount": 1
  }
},
{
  "model": "foods.foodingredient",
  "pk": "a040f50b-684a-46a9-85af-22e90247d2a8",
  "fields": {
    "is_active": true,
    "position": 2,
    "food": "e614f7e6-9f34-4665-904c-d3a840f1e2b6",
    "ingredient": "501425fb-8eca-4572-87f5-b924d58d78a9",
    "amount": 1
  }
},
{
  "model": "foods.foodingredient",
  "pk": "b72e8c2f-eadc-4f97-a2fa-7b97e3b26827",
  "fields": {
    "is_active": true,
    "position": 2,
    "food": "91fa88bc-5cfe-49ae-8978-af2f80115347",
    "ingredient": "501425fb-8eca-4572-87f5-b924d58d78a9",
    "amount": 4
  }
},
{
  "model": "foods.foodingredient",
  "pk": "b8edb10d-03b6-4f00-b3d0-6c66a52c8988",
  "fields": {
    "is_active": true,
    "position": 2,
    "food": "9d3a8b74-dd34-4539-862b-432fbc0465cd",
    "ingredient": "501425fb-8eca-4572-87f5-b924d58d78a9",
    "amount": 2
  }
},
{
  "model": "foods.foodingredient",
  "pk": "c61e759a-bf39-4bf8-a309-c8365bb523e7",
  "fields": {
    "is_active": true,
    "position": 2,
    "food": "c2243b4e-3026-4d47-a688-18c43d15a3fb",
    "ingredient": "501425fb-8eca-4572-87f5-b924d58d78a9",
    "amount": 3
  }
},
{
  "model": "foods.foodingredient",
  "pk": "cd9c1692-d5c3-4b4c-a541-75351695388d",
  "fields": {
    "is_active": true,
    "position": 1,
    "food": "600c8d7e-076d-4471-b100-49694d4ccf49",
    "ingredient": "73314bae-3876-4bd3-a59a-e1fe0c9c30e7",
    "amount": 1
  }
},
{
  "model": "foods.foodingredient",
  "pk": "e74331bc-a30b-4595-b2d1-1efc8f320847",
  "fields": {
    "is_active": true,
    "position": 1,
    "food": "edbb01ef-f4b4-4f2f-9229-9915f65f36ba",
    "ingredient": "73314bae-3876-4bd3-a59a-e1fe0c9c30e7",
    "amount": 1
  }
},
{
  "model": "orders.discount",
  "pk": "9132e992-71c7-4ae1-a463-e209fbafe6be",
  "fields": {
    "is_active": false,
    "position": 11,
    "created_at": "2024-02-18T19:59:20.441Z",
    "updated_at": "2024-02-20T13:40:29.786Z",
    "name": "triple burger",
    "description": "string",
    "is_public": true,
    "code": null,
    "has_time_limit": true,
    "type": "RAT",
    "start_date": "2024-02-18T18:30:37Z",
    "expiration_date": "2024-02-19T12:11:46Z",
    "specified_to_type": "FOD",
    "specified_type": 19,
    "object_id": "c2243b4e-3026-4d47-a688-18c43d15a3fb",
    "percentage_value": 3.0,
    "absolute_value": 20.0
  }
},
{
  "model": "orders.discount",
  "pk": "a4098a7b-d38a-41a7-a0dd-d15d1ce0face",
  "fields": {
    "is_active": false,
    "position": 7,
    "created_at": "2024-02-18T19:56:11.193Z",
    "updated_at": "2024-02-21T08:11:25.885Z",
    "name": "burger",
    "description": "string",
    "is_public": true,
    "code": null,
    "has_time_limit": false,
    "type": "ABS",
    "start_date": "2024-02-18T18:30:37Z",
    "expiration_date": "2024-02-18T18:30:37Z",
    "specified_to_type": "CAT",
    "specified_type": 20,
    "object_id": "3f44e31e-0db0-4b65-aa45-78f46df51baa",
    "percentage_value": 1.0,
    "absolute_value": 10.0
  }
},
{
  "model": "orders.discount",
  "pk": "bdd9fe75-8c1d-4321-b058-0b9ac66aadde",
  "fields": {
    "is_active": true,
    "position": 2,
    "created_at": "2024-02-18T15:06:34.185Z",
    "updated_at": "2024-02-21T09:33:25.845Z",
    "name": "Spring",
    "description": "",
    "is_public": true,
    "code": "12rewewq",
    "has_time_limit": true,
    "type": "ABS",
    "start_date": "2024-02-18T15:05:32Z",
    "expiration_date": "2025-02-19T15:05:33Z",
    "specified_to_type": null,
    "specified_type": 16,
    "object_id": "9",
    "percentage_value": 50.0,
    "absolute_value": 10.0
  }
},
{
  "model": "orders.discount",
  "pk": "ff490f66-ad55-4c62-b576-9036d5feeb14",
  "fields": {
    "is_active": true,
    "position": 1,
    "created_at": "2024-02-18T15:05:07.675Z",
    "updated_at": "2024-02-24T09:08:55.417Z",
    "name": "aliali discount",
    "description": "for jalil",
    "is_public": false,
    "code": "asfdas333",
    "has_time_limit": false,
    "type": "RAT",
    "start_date": null,
    "expiration_date": null,
    "specified_to_type": "USR",
    "specified_type": 16,
    "object_id": "8",
    "percentage_value": 50.0,
    "absolute_value": 12.0
  }
},
{
  "model": "orders.cart",
  "pk": "927dc492-e4de-4f6a-8c4a-66a4b82ff2cc",
  "fields": {
    "is_active": true,
    "position": 1,
    "created_at": "2024-02-21T09:06:39.078Z",
    "updated_at": "2024-02-21T14:14:48.189Z",
    "is_alive": false,
    "user": 8
  }
},
{
  "model": "orders.cart",
  "pk": "9330c036-4968-470e-8304-68a1891855ae",
  "fields": {
    "is_active": true,
    "position": 2,
    "created_at": "2024-02-21T14:15:26.137Z",
    "updated_at": "2024-02-21T14:15:26.137Z",
    "is_alive": true,
    "user": 8
  }
},
{
  "model": "orders.cart",
  "pk": "e1be2186-dab9-4d4c-816c-e06d1b6b1e37",
  "fields": {
    "is_active": true,
    "position": 1,
    "created_at": "2024-02-23T07:38:16.812Z",
    "updated_at": "2024-02-28T15:14:35.715Z",
    "is_alive": false,
    "user": 9
  }
},
{
  "model": "orders.cart",
  "pk": "e2f00571-ba4c-48c3-b494-ccc55df933d0",
  "fields": {
    "is_active": true,
    "position": 2,
    "created_at": "2024-02-28T15:23:33.656Z",
    "updated_at": "2024-02-28T15:23:33.656Z",
    "is_alive": true,
    "user": 9
  }
},
{
  "model": "orders.cartitem",
  "pk": "5d5fc82f-e0c3-4a9b-a53d-938044b9ae1e",
  "fields": {
    "is_active": true,
    "position": 1,
    "created_at": "2024-02-23T08:31:00.439Z",
    "updated_at": "2024-02-23T08:31:00.439Z",
    "food": "c2243b4e-3026-4d47-a688-18c43d15a3fb",
    "count": 2,
    "cart": "e1be2186-dab9-4d4c-816c-e06d1b6b1e37"
  }
},
{
  "model": "orders.cartitem",
  "pk": "6f91da73-9066-4be1-8178-607411c9d35f",
  "fields": {
    "is_active": true,
    "position": 1,
    "created_at": "2024-02-21T09:07:22.338Z",
    "updated_at": "2024-02-21T09:21:46.313Z",
    "food": "9d3a8b74-dd34-4539-862b-432fbc0465cd",
    "count": 4,
    "cart": "927dc492-e4de-4f6a-8c4a-66a4b82ff2cc"
  }
},
{
  "model": "orders.cartitem",
  "pk": "8252cdcf-f426-4b8c-b9df-9d866aab6978",
  "fields": {
    "is_active": true,
    "position": 2,
    "created_at": "2024-02-21T09:22:05.220Z",
    "updated_at": "2024-02-21T13:36:15.759Z",
    "food": "600c8d7e-076d-4471-b100-49694d4ccf49",
    "count": 6,
    "cart": "927dc492-e4de-4f6a-8c4a-66a4b82ff2cc"
  }
},
{
  "model": "orders.cartitem",
  "pk": "87ef9faf-9230-4b74-a493-294907712e8e",
  "fields": {
    "is_active": true,
    "position": 1,
    "created_at": "2024-02-21T19:14:39.645Z",
    "updated_at": "2024-02-21T19:14:41.796Z",
    "food": "600c8d7e-076d-4471-b100-49694d4ccf49",
    "count": 4,
    "cart": "9330c036-4968-470e-8304-68a1891855ae"
  }
},
{
  "model": "orders.order",
  "pk": "2978f548-eb7d-414c-9205-db8205a0fd13",
  "fields": {
    "is_active": true,
    "position": 1,
    "created_at": "2024-02-21T09:33:52.089Z",
    "updated_at": "2024-02-21T18:48:55.569Z",
    "cart": "927dc492-e4de-4f6a-8c4a-66a4b82ff2cc",
    "discount": "bdd9fe75-8c1d-4321-b058-0b9ac66aadde",
    "has_delivery": true,
    "address": null,
    "address_str": null,
    "status": "IPR",
    "final_value": 232.0
  }
},
{
  "model": "orders.order",
  "pk": "672b2b5a-ce1b-41df-814c-ff1a6610dbb2",
  "fields": {
    "is_active": true,
    "position": 2,
    "created_at": "2024-02-28T15:00:22.393Z",
    "updated_at": "2024-02-28T15:14:35.713Z",
    "cart": "e1be2186-dab9-4d4c-816c-e06d1b6b1e37",
    "discount": null,
    "has_delivery": false,
    "address": null,
    "address_str": null,
    "status": "PD",
    "final_value": 100.0
  }
},
{
  "model": "orders.payment",
  "pk": 2,
  "fields": {
    "is_active": true,
    "position": 1,
    "created_at": "2024-02-21T14:14:48.183Z",
    "updated_at": "2024-02-21T14:14:48.183Z",
    "order": "2978f548-eb7d-414c-9205-db8205a0fd13",
    "is_income": true,
    "tracking_code": "string",
    "payment_data": "string"
  }
},
{
  "model": "orders.payment",
  "pk": 3,
  "fields": {
    "is_active": true,
    "position": 2,
    "created_at": "2024-02-21T18:48:10.504Z",
    "updated_at": "2024-02-21T18:48:10.504Z",
    "order": "2978f548-eb7d-414c-9205-db8205a0fd13",
    "is_income": false,
    "tracking_code": "abcdefghijklmnopqrstuvwxyz",
    "payment_data": "zyxwvutseqponmlkjihgfedcba"
  }
},
{
  "model": "orders.payment",
  "pk": 11,
  "fields": {
    "is_active": true,
    "position": 1,
    "created_at": "2024-02-28T15:14:35.711Z",
    "updated_at": "2024-02-28T15:14:35.711Z",
    "order": "672b2b5a-ce1b-41df-814c-ff1a6610dbb2",
    "is_income": true,
    "tracking_code": "string",
    "payment_data": "string"
  }
},
{
  "model": "feedback.rating",
  "pk": "9286ffe3-8e2f-4228-9a06-e2115473b63a",
  "fields": {
    "food": "e614f7e6-9f34-4665-904c-d3a840f1e2b6",
    "user": 8,
    "rate": 3
  }
},
{
  "model": "feedback.comment",
  "pk": "50ffacbf-5f49-471f-9fd8-512729fb8dc9",
  "fields": {
    "is_active": true,
    "position": 2,
    "created_at": "2024-02-29T09:29:38.016Z",
    "updated_at": "2024-02-29T09:31:20.926Z",
    "food": "e614f7e6-9f34-4665-904c-d3a840f1e2b6",
    "user": 9,
    "parent": null,
    "text": "string",
    "is_confirmed": true,
    "by_staff": false,
    "lft": 1,
    "rght": 2,
    "tree_id": 2,
    "level": 0
  }
}
]
